노선번호,"?""사용년월""",표준버스정류장ID,버스정류장ARS번호,역명,00시승차총승객수,00시하차총승객수,1시승차총승객수,1시하차총승객수,2시승차총승객수,2시하차총승객수,3시승차총승객수,3시하차총승객수,4시승차총승객수,4시하차총승객수,5시승차총승객수,5시하차총승객수,6시승차총승객수,6시하차총승객수,7시승차총승객수,7시하차총승객수,8시승차총승객수,8시하차총승객수,9시승차총승객수,9시하차총승객수,10시승차총승객수,10시하차총승객수,11시승차총승객수,11시하차총승객수,12시승차총승객수,12시하차총승객수,13시승차총승객수,13시하차총승객수,14시승차총승객수,14시하차총승객수,15시승차총승객수,15시하차총승객수,16시승차총승객수,16시하차총승객수,17시승차총승객수,17시하차총승객수,18시승차총승객수,18시하차총승객수,19시승차총승객수,19시하차총승객수,20시승차총승객수,20시하차총승객수,21시승차총승객수,21시하차총승객수,22시승차총승객수,22시하차총승객수,23시승차총승객수,23시하차총승객수,등록일자
금천11-1,201608,117900193,18857,산기슭공원,0,1,0,0,0,0,0,0,1,1,3,0,14,0,61,2,26,3,43,3,29,0,11,0,24,5,20,7,12,2,23,0,40,3,20,3,60,8,22,3,4,1,18,0,6,1,10,2,20160908
금천11-1,201608,117900192,18972,한울중학교앞,0,0,0,0,0,0,0,0,0,0,8,0,37,0,228,1,149,1,132,0,144,1,101,3,97,0,139,1,96,6,197,3,158,2,174,1,105,7,79,1,84,0,119,2,42,0,35,2,20160908
금천11-1,201608,117900191,18973,한빛무궁화아파트,0,0,0,0,0,0,0,0,0,0,7,0,9,0,105,4,80,1,22,1,63,0,79,4,46,2,29,0,29,0,70,0,61,3,37,0,29,9,25,2,36,2,30,0,7,0,10,0,20160908
금천11-1,201608,117900190,18974,신흥초등학교,0,0,0,0,0,0,0,0,0,0,1,0,3,0,52,0,33,1,16,0,22,7,33,6,21,0,17,2,17,3,25,3,28,3,23,0,11,2,12,3,4,3,10,4,0,0,3,0,20160908
금천11-1,201608,117900194,18975,시흥아파트앞,0,0,0,0,0,0,0,0,0,0,2,0,2,1,11,3,39,4,3,0,16,10,13,6,5,5,3,5,9,4,12,12,8,14,5,2,2,8,3,3,6,2,7,4,1,0,0,2,20160908
금천11-1,201608,117900196,18976,삼성체육공원.삼성산자연공원,0,0,0,0,0,0,0,0,0,0,1,4,5,4,22,11,22,23,8,3,22,45,22,37,12,20,8,7,15,14,13,79,24,35,9,26,2,32,5,18,1,5,12,14,5,5,1,8,20160908
금천11-1,201608,117900207,18977,시흥5동주민센터,0,0,0,0,0,0,0,0,0,0,0,8,3,25,10,39,65,74,18,40,51,56,66,79,46,50,45,32,58,61,87,102,98,71,53,62,35,34,68,67,40,43,67,38,14,6,19,24,20160908
금천11-1,201608,117900189,18978,금광포란재.백운한비치아파트,0,0,0,0,0,0,0,0,0,0,4,7,8,2,25,5,62,22,13,5,26,21,15,25,20,12,16,9,28,15,24,12,31,14,22,26,17,3,31,11,13,8,20,23,9,7,5,1,20160908
금천11-1,201608,117900065,18573,우방아파트.범일운수종점,0,0,0,0,0,0,0,0,0,0,8,0,8,5,11,27,11,11,8,14,20,20,20,21,35,13,15,11,40,19,46,29,119,26,36,16,40,8,47,13,37,8,22,12,35,11,8,4,20160908
금천11-1,201608,117900124,18865,시흥2동주민센터.동일여고,0,0,0,0,0,0,0,0,0,0,1,0,19,10,19,59,25,10,9,7,15,8,41,10,28,10,10,2,46,11,59,16,123,29,38,7,34,9,60,6,36,8,28,2,46,4,3,0,20160908
금천11-1,201608,117900060,18583,벽산아파트5단지,0,0,0,0,0,0,0,0,0,0,1,0,0,2,20,34,47,26,13,10,16,19,7,39,10,38,13,17,19,65,22,67,14,86,16,42,12,40,13,56,3,39,3,25,4,48,0,11,20160908
금천11-1,201608,117900057,18590,호압사입구,0,0,0,0,0,0,0,0,0,0,18,19,8,11,80,47,55,44,36,19,38,33,35,38,40,47,28,25,35,41,34,32,74,150,62,56,38,34,72,49,59,20,54,15,34,49,19,5,20160908
금천11-1,201608,117900053,18596,벽산1단지입구,0,0,0,0,0,0,0,0,0,0,6,0,14,1,113,12,131,14,41,7,34,4,52,9,62,17,18,9,35,18,20,28,39,38,39,21,40,13,43,27,22,24,18,22,7,23,7,8,20160908
금천11-1,201608,117900048,18639,벽산6단지입구,0,0,0,0,0,0,0,0,0,0,30,0,11,31,24,19,20,16,15,9,13,8,7,10,18,12,6,6,13,6,6,9,15,18,24,13,7,8,8,7,7,8,8,8,4,12,2,4,20160908
금천11-1,201608,117900035,18764,동일여고,0,0,0,0,0,0,0,0,0,0,0,0,1,10,3,159,16,43,6,13,8,6,5,3,15,21,8,8,7,6,10,3,25,14,14,7,5,2,6,6,2,7,2,0,5,3,1,0,20160908
금천11-1,201608,117900032,18786,제일교회,0,0,0,0,0,0,0,0,0,0,1,2,5,6,11,5,10,16,8,15,12,16,24,20,22,13,14,15,9,15,12,10,31,20,30,29,11,14,15,23,11,18,18,14,12,8,2,4,20160908
금천11-1,201608,117900188,18979,관악우방아파트,0,0,0,0,0,0,0,0,0,0,14,4,27,3,111,8,135,6,64,18,102,13,65,7,97,15,62,10,63,20,112,19,109,26,105,29,99,18,87,17,96,14,132,23,96,7,38,5,20160908
금천11-1,201608,117900187,18980,차오름길입구,0,0,0,0,0,0,0,0,0,0,2,0,29,1,33,10,29,22,24,24,11,17,10,8,12,4,0,5,9,8,12,13,11,22,11,1,9,12,5,2,9,12,7,7,4,4,1,1,20160908
금천11-1,201608,117900186,18981,시흥계곡앞,0,0,0,0,0,0,0,0,0,0,10,1,74,3,53,6,67,4,61,6,61,20,18,13,55,16,44,15,53,21,68,22,23,26,18,16,21,23,16,10,15,12,23,12,16,18,6,17,20160908
금천11-1,201608,117900185,18982,영일빌라,0,0,0,0,0,0,0,0,0,0,2,1,13,4,25,13,34,14,66,10,50,43,15,39,19,20,9,23,17,21,29,31,19,29,17,15,14,32,17,31,15,40,24,35,8,35,6,18,20160908
금천11-1,201608,117900195,18983,금천문화원.국립전통예술중고,0,0,0,0,0,0,0,0,0,0,0,1,14,17,3,109,11,264,10,51,18,64,11,41,14,50,12,49,19,62,50,54,20,56,15,41,12,46,2,32,4,33,2,32,2,30,2,6,20160908
금천11-1,201608,117900184,18984,금천고등학교,0,0,0,0,0,0,0,0,0,0,8,0,6,6,10,37,31,72,6,58,21,46,10,28,9,16,18,33,26,29,43,39,28,27,8,21,6,54,4,25,7,27,11,36,0,30,0,7,20160908
금천11-1,201608,117900178,18967,금천폭포공원,0,0,0,0,0,0,0,0,0,0,0,0,6,3,77,5,71,46,33,26,85,34,49,23,76,12,101,24,141,27,106,19,94,43,64,31,62,26,90,31,101,28,90,26,23,3,28,13,20160908
금천11-1,201608,117900177,18968,영일빌라,0,0,0,0,0,0,0,0,0,0,0,0,1,1,60,5,63,15,17,10,38,24,14,9,18,16,10,26,26,15,12,26,13,30,18,33,14,38,12,57,14,55,3,59,3,23,4,42,20160908
금천11-1,201608,117900176,18969,시흥계곡앞,0,0,0,0,0,0,0,0,0,0,0,0,0,12,11,3,25,27,9,7,19,38,23,11,12,17,36,40,21,34,16,43,13,33,20,31,7,57,6,72,6,40,2,82,0,30,9,46,20160908
금천11-1,201608,117900175,18970,차오름길입구,0,0,0,0,0,0,0,0,0,0,0,0,0,0,0,2,16,12,2,6,15,13,2,17,19,15,8,32,4,20,7,24,7,25,10,35,3,18,1,48,0,29,3,24,0,13,3,28,20160908
금천11-1,201608,117900065,18573,우방아파트.범일운수종점,1,1,0,0,0,0,0,0,0,0,0,0,1,3,11,56,29,106,15,39,21,96,32,73,47,84,48,88,35,86,45,93,114,83,52,78,46,100,79,108,62,81,57,65,17,13,39,37,20160908
금천11-1,201608,117900124,18865,시흥2동주민센터.동일여고,0,0,0,0,0,0,0,0,0,0,0,0,3,0,15,95,35,48,18,6,26,34,32,26,41,23,26,13,53,35,36,39,129,15,60,13,41,17,63,27,49,17,24,10,1,5,9,4,20160908
금천11-1,201608,117900060,18583,벽산아파트5단지,0,0,0,0,0,0,0,0,0,0,1,0,0,2,3,19,4,72,6,25,18,25,8,32,12,80,13,32,9,74,16,90,18,111,6,66,9,75,17,79,8,95,9,72,2,11,1,35,20160908
금천11-1,201608,117900057,18590,호압사입구,0,0,0,0,0,0,0,0,0,0,0,0,15,3,76,45,78,83,14,27,34,55,26,50,73,47,35,54,37,48,19,44,57,109,52,75,55,66,56,93,50,57,51,43,25,10,25,27,20160908
금천11-1,201608,117900053,18596,벽산1단지입구,1,0,0,0,0,0,0,0,0,0,1,0,5,0,24,3,42,19,23,7,29,19,33,20,38,22,47,13,25,19,20,26,21,30,31,21,40,33,25,33,27,28,16,22,6,8,15,14,20160908
금천11-1,201608,117900048,18639,벽산6단지입구,0,0,0,0,0,0,0,0,0,0,1,0,0,1,8,28,19,25,18,9,10,7,10,6,8,16,19,8,9,6,4,15,12,12,3,16,7,11,12,23,4,18,7,9,2,9,2,10,20160908
금천11-1,201608,117900035,18764,동일여고,0,0,0,0,0,0,0,0,0,0,0,0,0,2,1,136,3,62,5,10,13,23,7,14,17,24,7,27,5,15,6,10,24,9,5,5,21,10,8,6,9,7,8,5,1,1,1,0,20160908
금천11-1,201608,117900174,18959,백운한비치.금광포란재아파트,3,1,0,0,0,0,0,0,0,0,0,0,1,10,22,9,15,25,3,16,20,30,12,23,23,9,28,45,20,29,20,30,34,31,27,37,30,48,32,33,22,28,12,24,6,15,9,11,20160908
금천11-1,201608,117900173,18960,시흥5동주민센터,10,2,0,0,0,0,0,0,0,0,0,0,6,10,35,12,36,38,33,22,50,47,44,43,60,42,85,47,68,41,62,41,71,33,119,52,146,70,140,52,82,37,55,38,33,9,65,24,20160908
금천11-1,201608,117900172,18961,삼성산자연공원.삼성체육공원,1,2,0,0,0,0,0,0,0,0,0,0,0,1,18,6,37,11,4,2,11,24,6,15,6,8,20,23,6,23,12,13,7,22,3,19,5,42,17,37,10,25,12,23,5,23,2,13,20160908
금천11-1,201608,117900171,18962,시흥아파트앞,0,3,0,0,0,0,0,0,0,0,0,0,2,2,4,14,9,5,1,6,2,8,2,4,2,7,0,22,4,19,0,15,0,10,3,30,2,25,5,21,1,11,0,12,0,5,0,20,20160908
금천11-1,201608,117900170,18963,신흥초등학교,0,5,0,0,0,0,0,0,0,0,0,0,0,2,0,15,0,22,10,19,8,16,1,18,2,23,4,23,6,20,0,11,0,38,3,24,2,24,2,36,2,17,0,9,0,10,1,8,20160908
금천11-1,201608,117900169,18964,한빛무궁화아파트,0,23,0,0,0,0,0,0,0,0,0,0,0,1,0,11,1,54,0,35,0,36,2,39,1,44,0,57,0,66,0,43,1,60,0,93,2,99,0,95,1,69,0,63,2,45,1,60,20160908
금천11-1,201608,117900168,18965,한울중학교앞,0,16,0,0,0,0,0,0,0,0,20,0,69,9,135,56,17,138,14,70,17,77,16,48,14,35,7,106,26,111,47,62,40,116,0,88,1,133,1,122,6,93,7,86,6,55,2,38,20160908
금천11-1,201608,117900193,18857,산기슭공원,0,10,0,0,0,0,0,0,0,0,0,0,0,1,0,12,0,34,0,16,0,19,0,21,0,24,1,25,0,36,1,20,1,53,0,40,0,57,0,36,0,29,0,28,0,17,0,18,20160908
금천11-1,201608,117900183,18985,시흥3동공영주차장앞,0,0,0,0,0,0,0,0,0,0,4,41,19,31,45,25,78,102,42,96,54,74,23,75,23,93,41,98,40,76,45,116,9,112,30,61,59,100,26,90,18,78,11,128,3,60,8,23,20160908
금천11-1,201608,117900182,18987,기아대교앞,0,0,0,0,0,0,0,0,0,0,2,4,0,19,1,13,0,25,0,27,2,24,1,14,1,15,2,20,0,20,1,23,2,15,3,19,1,5,0,17,2,12,2,19,1,14,0,3,20160908
금천11-1,201608,117900181,18988,석수역,0,0,0,0,0,0,0,0,0,0,0,54,6,179,25,190,36,335,33,269,34,268,17,126,37,124,49,210,67,147,137,238,44,125,115,166,99,132,175,121,150,101,137,127,74,82,69,27,20160908
금천11-1,201608,117900180,18989,석수역,0,0,0,0,0,0,0,0,0,0,6,0,27,2,52,3,179,26,158,8,127,15,54,11,83,18,122,25,87,15,93,34,112,16,204,20,112,14,184,12,155,19,137,17,106,7,124,7,20160908
금천11-1,201608,117900030,18789,시흥3동주민센터앞,0,0,0,0,0,0,0,0,0,0,0,0,8,5,55,10,88,35,61,9,61,13,23,6,39,17,59,19,66,17,34,19,42,27,63,30,81,12,71,23,48,17,54,13,16,11,23,10,20160908
금천11-1,201608,117000081,18167,박미마을,0,0,0,0,0,0,0,0,0,0,0,0,15,1,88,15,122,35,57,45,58,38,51,10,79,16,82,22,96,18,91,15,104,27,76,29,81,11,85,33,64,27,79,18,29,6,43,10,20160908
금천11-1,201607,117900193,18857,산기슭공원,1,8,0,0,0,0,0,0,0,0,0,0,0,4,1,17,0,32,0,46,1,45,0,47,1,31,1,29,0,29,0,17,2,75,3,43,1,51,1,37,0,31,0,47,0,31,0,27,20160808
금천11-1,201607,117900195,18983,금천문화원.국립전통예술중고,0,0,0,0,0,0,0,0,0,0,0,8,16,33,3,107,11,396,13,95,17,108,17,55,15,59,21,62,3,27,41,51,27,82,9,40,13,69,6,43,9,42,6,21,2,25,1,5,20160808
금천11-1,201607,117900184,18984,금천고등학교,0,0,0,0,0,0,0,0,0,0,6,2,7,6,22,41,24,95,7,46,18,43,9,30,8,20,11,27,9,28,21,32,27,33,9,22,11,44,9,24,7,18,6,31,0,11,0,0,20160808
금천11-1,201607,117900183,18985,시흥3동공영주차장앞,0,0,0,0,0,0,0,0,0,0,31,54,46,80,64,23,100,185,57,121,68,84,32,121,26,87,43,102,24,84,41,79,38,146,32,106,69,170,27,94,11,109,17,137,8,65,2,35,20160808
금천11-1,201607,117900182,18987,기아대교앞,0,0,0,0,0,0,0,0,0,0,0,21,0,38,0,17,4,47,1,20,2,36,1,18,1,22,1,28,2,18,0,20,0,52,1,19,1,31,2,25,1,13,2,17,3,11,0,3,20160808
금천11-1,201607,117900181,18988,석수역,0,0,0,0,0,0,0,0,0,0,1,155,14,319,28,250,35,373,28,332,46,286,21,218,28,143,73,233,55,147,60,140,127,210,151,151,229,233,222,126,139,125,129,133,86,70,69,40,20160808
금천11-1,201607,117900065,18573,우방아파트.범일운수종점,7,11,0,0,0,0,0,0,0,0,2,4,11,40,33,69,24,91,53,59,44,108,95,96,81,85,57,92,37,93,23,67,132,139,57,85,98,135,87,171,44,58,86,72,59,51,31,24,20160808
금천11-1,201607,117900124,18865,시흥2동주민센터.동일여고,2,1,0,0,0,0,0,0,0,0,0,0,4,16,57,163,59,47,58,35,39,31,64,28,62,25,60,25,56,30,40,19,186,31,55,19,128,47,85,23,48,13,63,25,19,8,6,2,20160808
금천11-1,201607,117900060,18583,벽산아파트5단지,0,8,0,0,0,0,0,0,0,0,0,5,1,6,7,20,12,129,17,42,6,47,17,96,8,111,13,82,10,54,3,72,11,159,11,74,19,181,14,137,5,112,19,99,1,51,3,20,20160808
금천11-1,201607,117900057,18590,호압사입구,10,8,0,0,0,0,0,0,0,0,8,8,26,24,95,84,131,124,39,47,25,44,53,76,54,78,43,51,27,77,28,49,68,180,60,75,92,161,98,137,50,55,63,51,34,40,35,14,20160808
금천11-1,201607,117900053,18596,벽산1단지입구,9,3,0,0,0,0,0,0,0,0,2,1,13,5,11,15,82,20,45,14,18,10,31,28,46,22,41,31,32,20,18,17,25,57,26,27,63,37,45,22,25,19,22,27,14,21,7,13,20160808
금천11-1,201607,117900048,18639,벽산6단지입구,2,5,0,0,0,0,0,0,0,0,0,0,2,12,11,25,18,15,27,13,8,9,6,15,16,14,15,6,10,8,3,13,18,14,10,16,10,16,13,19,4,15,15,13,5,11,2,17,20160808
금천11-1,201607,117900035,18764,동일여고,0,3,0,0,0,0,0,0,0,0,0,0,2,24,0,176,13,129,20,41,15,12,12,16,9,12,5,19,5,11,16,3,36,13,14,17,14,12,6,14,4,8,4,5,6,1,0,1,20160808
금천11-1,201607,117900174,18959,백운한비치.금광포란재아파트,7,3,0,0,0,0,0,0,0,0,1,0,1,14,10,14,14,56,32,37,16,31,27,38,37,21,25,42,34,37,16,25,46,33,19,36,55,53,29,36,19,20,16,35,19,16,14,16,20160808
금천11-1,201607,117900173,18960,시흥5동주민센터,12,15,0,0,0,0,0,0,0,0,0,0,25,6,29,7,55,36,76,46,58,36,62,50,70,36,78,56,102,49,50,35,114,56,90,55,163,84,94,73,98,23,118,45,87,20,63,21,20160808
금천11-1,201607,117900172,18961,삼성산자연공원.삼성체육공원,2,7,0,0,0,0,0,0,0,0,0,0,1,2,2,3,58,8,15,6,8,8,9,17,3,21,18,27,14,17,7,14,7,27,20,40,13,33,14,34,14,25,5,37,3,22,2,17,20160808
금천11-1,201607,117900171,18962,시흥아파트앞,0,1,0,0,0,0,0,0,0,0,0,0,0,6,0,11,12,1,7,3,0,17,4,14,1,14,2,15,2,22,0,9,3,33,2,17,1,23,8,17,1,13,0,10,0,11,1,20,20160808
금천11-1,201607,117900170,18963,신흥초등학교,0,3,0,0,0,0,0,0,0,0,0,0,0,7,0,14,1,12,4,20,3,11,5,17,0,38,2,23,3,26,1,15,1,48,3,36,0,37,0,38,2,16,1,21,1,22,0,13,20160808
금천11-1,201607,117900169,18964,한빛무궁화아파트,0,19,0,0,0,0,0,0,0,0,0,0,0,9,0,5,0,47,0,77,0,25,1,63,0,83,1,58,3,85,0,23,1,106,0,86,0,110,1,92,2,67,1,88,0,79,1,59,20160808
금천11-1,201607,117900168,18965,한울중학교앞,0,31,0,0,0,0,0,0,0,0,40,1,63,32,14,56,13,140,0,122,16,104,4,97,6,102,22,97,0,98,3,48,15,151,19,129,17,128,7,160,1,81,6,101,0,83,4,62,20160808
금천11-1,201607,117900180,18989,석수역,3,0,0,0,0,0,0,0,0,0,15,2,55,1,116,1,153,13,151,4,148,16,119,19,84,12,159,11,126,4,98,11,202,31,195,19,287,20,154,12,191,15,182,18,150,7,154,12,20160808
금천11-1,201607,117000083,18169,기아대교앞,0,0,0,0,0,0,0,0,0,0,0,0,0,0,0,1,0,2,0,1,0,2,0,4,0,2,0,4,0,4,0,0,2,5,1,1,0,2,0,1,1,2,0,2,0,1,0,0,20160808
금천11-1,201607,117900030,18789,시흥3동주민센터앞,4,5,0,0,0,0,0,0,0,0,0,1,31,5,152,13,135,21,73,12,52,24,63,19,56,8,67,24,54,15,64,8,91,28,79,24,149,41,67,20,58,13,60,18,47,8,35,27,20160808
금천11-1,201607,117000081,18167,박미마을,13,5,0,0,0,0,0,0,0,0,5,0,24,7,104,31,96,28,73,41,102,24,83,23,95,9,81,22,119,15,56,10,147,42,74,35,144,39,107,47,80,29,84,42,52,22,13,19,20160808
금천11-1,201607,117900178,18967,금천폭포공원,4,3,0,0,0,0,0,0,0,0,3,0,25,13,125,30,68,40,73,40,96,34,102,31,121,26,88,38,84,27,102,14,207,56,90,45,122,53,96,29,75,21,88,27,47,18,31,14,20160808
금천11-1,201607,117900177,18968,영일빌라,0,10,0,0,0,0,0,0,0,0,0,0,24,6,82,10,42,34,21,13,24,19,25,16,15,16,19,39,10,30,8,22,22,49,14,27,16,72,9,79,13,43,4,65,3,28,8,47,20160808
금천11-1,201607,117900176,18969,시흥계곡앞,3,21,0,0,0,0,0,0,0,0,0,1,0,20,18,3,29,18,10,18,13,16,34,28,14,25,29,44,22,40,21,30,23,66,29,40,18,90,10,79,4,43,5,70,7,55,3,38,20160808
금천11-1,201607,117900175,18970,차오름길입구,1,5,0,0,0,0,0,0,0,0,0,1,2,5,9,13,11,7,5,8,9,14,6,26,18,16,31,16,4,22,2,13,25,38,2,33,5,64,4,66,3,50,3,49,0,17,2,11,20160808
금천11-1,201607,117900207,18977,시흥5동주민센터,0,0,0,0,0,0,0,0,0,0,1,18,6,22,19,25,22,96,13,35,38,52,51,55,46,59,30,36,31,40,53,55,55,64,41,30,61,55,53,46,42,38,24,23,38,19,5,12,20160808
금천11-1,201607,117900189,18978,금광포란재.백운한비치아파트,0,0,0,0,0,0,0,0,0,0,5,3,25,18,15,5,40,36,21,14,16,11,22,7,11,5,8,6,8,10,13,12,14,8,17,12,38,19,31,13,10,16,11,2,10,6,5,0,20160808
금천11-1,201607,117900065,18573,우방아파트.범일운수종점,0,0,0,0,0,0,0,0,0,0,8,4,11,7,6,23,23,16,20,19,45,23,62,15,44,10,32,13,32,10,88,17,108,16,55,10,81,25,58,18,57,15,43,5,55,4,16,4,20160808
금천11-1,201607,117900124,18865,시흥2동주민센터.동일여고,0,0,0,0,0,0,0,0,0,0,0,1,38,20,20,114,28,70,13,11,40,12,109,15,62,10,29,12,24,3,109,18,169,16,63,9,86,6,65,7,46,5,29,1,28,8,1,1,20160808
금천11-1,201607,117900060,18583,벽산아파트5단지,0,0,0,0,0,0,0,0,0,0,18,9,8,9,77,37,84,41,28,13,21,59,10,91,14,63,29,39,8,24,17,107,16,122,11,80,15,81,14,70,10,59,4,55,9,49,0,6,20160808
금천11-1,201607,117900057,18590,호압사입구,0,0,0,0,0,0,0,0,0,0,58,19,49,22,159,94,143,56,66,51,42,37,36,58,73,64,48,58,42,39,55,52,64,132,85,61,86,74,82,50,75,60,68,29,35,23,16,10,20160808
금천11-1,201607,117900053,18596,벽산1단지입구,0,0,0,0,0,0,0,0,0,0,58,1,31,3,232,17,195,29,119,25,49,16,58,12,42,16,48,17,33,16,36,38,34,25,44,34,35,41,44,52,35,29,20,27,16,26,13,9,20160808
금천11-1,201607,117900048,18639,벽산6단지입구,0,0,0,0,0,0,0,0,0,0,26,1,19,33,33,28,23,20,26,14,22,3,12,6,22,7,16,17,16,13,6,14,10,19,12,19,17,23,10,19,7,15,14,8,7,11,0,1,20160808
금천11-1,201607,117900193,18857,산기슭공원,0,0,0,0,0,0,0,0,0,0,11,0,23,0,60,4,49,9,25,4,43,3,12,3,18,3,25,1,16,3,7,1,16,2,10,5,42,3,22,0,41,0,9,2,13,0,1,2,20160808
금천11-1,201607,117900192,18972,한울중학교앞,0,0,0,0,0,0,0,0,0,0,33,0,117,0,455,4,148,1,119,2,83,0,84,2,119,3,147,7,56,2,158,3,162,5,90,3,132,3,53,1,70,1,75,1,50,1,19,0,20160808
금천11-1,201607,117900191,18973,한빛무궁화아파트,0,0,0,0,0,0,0,0,0,0,12,0,21,0,82,1,161,1,41,0,49,1,29,2,32,0,32,2,25,0,49,0,50,2,33,0,41,3,34,1,33,1,17,3,15,1,7,1,20160808
금천11-1,201607,117900190,18974,신흥초등학교,0,0,0,0,0,0,0,0,0,0,2,0,24,0,60,1,42,1,9,1,20,1,22,2,7,1,22,0,9,0,13,3,34,5,13,1,18,5,12,0,7,1,2,2,0,0,0,0,20160808
금천11-1,201607,117900194,18975,시흥아파트앞,0,0,0,0,0,0,0,0,0,0,1,0,1,0,5,0,43,11,7,1,6,0,7,2,6,1,2,7,7,2,9,8,3,3,4,5,4,4,5,1,9,3,2,1,0,0,0,1,20160808
금천11-1,201607,117900196,18976,삼성체육공원.삼성산자연공원,0,0,0,0,0,0,0,0,0,0,2,5,12,5,8,14,35,52,6,11,24,15,16,16,6,22,4,18,9,12,8,43,13,25,13,18,11,27,4,20,8,21,5,13,3,9,4,4,20160808
금천11-1,201607,117900035,18764,동일여고,0,0,0,0,0,0,0,0,0,0,1,0,0,11,18,249,11,85,8,40,9,15,12,9,12,9,0,8,2,4,4,0,20,7,15,5,9,5,6,4,2,4,3,4,4,3,0,0,20160808
금천11-1,201607,117900032,18786,제일교회,0,0,0,0,0,0,0,0,0,0,4,22,8,3,10,14,22,19,13,23,11,13,39,22,19,15,13,29,10,11,11,17,30,27,12,26,33,32,16,35,15,19,36,14,4,10,1,7,20160808
금천11-1,201607,117900188,18979,관악우방아파트,0,0,0,0,0,0,0,0,0,0,25,22,21,2,138,13,170,10,149,24,165,10,134,17,127,11,111,21,90,15,120,13,202,15,93,17,225,28,110,24,137,19,146,18,91,6,35,8,20160808
금천11-1,201607,117900187,18980,차오름길입구,0,0,0,0,0,0,0,0,0,0,27,1,42,2,25,6,20,22,19,40,30,25,9,5,16,4,11,7,10,9,7,4,11,8,8,6,21,21,2,9,15,6,13,10,10,7,2,1,20160808
금천11-1,201607,117900186,18981,시흥계곡앞,0,0,0,0,0,0,0,0,0,0,68,1,96,17,66,8,65,18,88,23,76,14,63,5,37,16,65,32,32,7,39,14,47,23,28,16,47,22,36,24,27,13,27,27,9,15,11,9,20160808
금천11-1,201607,117900185,18982,영일빌라,0,0,0,0,0,0,0,0,0,0,20,1,26,3,40,19,45,32,74,13,55,39,36,38,15,42,37,35,33,38,19,21,32,41,28,23,34,48,18,35,11,41,14,25,11,19,10,16,20160808
금천11-1,201606,117900193,18857,산기슭공원,0,5,0,0,0,0,0,0,0,0,6,0,27,13,50,42,44,32,25,22,18,20,25,16,21,17,25,21,30,24,32,10,84,71,29,40,35,26,51,34,48,46,25,29,30,32,18,8,20160708
금천11-1,201606,117900192,18972,한울중학교앞,0,0,0,0,0,0,0,0,0,0,55,0,141,1,551,3,160,6,116,0,119,4,110,1,121,2,159,2,45,4,142,4,242,4,129,3,177,7,80,5,99,1,57,2,66,1,10,1,20160708
금천11-1,201606,117900191,18973,한빛무궁화아파트,0,0,0,0,0,0,0,0,0,0,33,0,41,1,114,3,118,0,32,0,62,1,35,2,35,1,52,0,18,0,44,0,60,1,41,0,60,1,33,1,33,0,21,1,18,0,2,0,20160708
금천11-1,201606,117900190,18974,신흥초등학교,0,0,0,0,0,0,0,0,0,0,2,0,21,1,71,2,23,0,15,1,23,0,12,3,10,4,18,3,4,0,24,0,33,6,23,3,19,3,9,1,7,1,6,1,2,0,1,1,20160708
금천11-1,201606,117900194,18975,시흥아파트앞,0,0,0,0,0,0,0,0,0,0,0,2,2,0,4,8,40,5,19,1,14,3,11,3,3,0,8,2,6,1,5,10,3,12,5,4,12,7,10,3,8,3,2,2,2,2,3,0,20160708
금천11-1,201606,117900196,18976,삼성체육공원.삼성산자연공원,0,0,0,0,0,0,0,0,0,0,2,21,16,6,12,11,13,39,19,6,15,18,10,14,6,17,10,11,6,10,13,35,12,54,3,10,7,56,15,25,4,14,10,11,8,13,2,2,20160708
금천11-1,201606,117900207,18977,시흥5동주민센터,0,0,0,0,0,0,0,0,0,0,2,47,11,22,20,23,22,78,30,51,21,53,28,39,33,32,45,59,22,29,46,55,54,73,41,49,77,65,59,55,50,37,32,23,24,7,5,8,20160708
금천11-1,201606,117900189,18978,금광포란재.백운한비치아파트,0,0,0,0,0,0,0,0,0,0,1,2,16,21,6,13,40,16,35,9,15,10,12,8,16,3,4,8,4,6,41,34,24,23,24,14,18,15,26,9,23,17,13,9,6,2,0,3,20160708
금천11-1,201606,117900065,18573,우방아파트.범일운수종점,0,0,0,0,0,0,0,0,0,0,12,12,24,5,11,24,22,12,14,19,24,33,18,15,30,10,49,19,28,5,128,20,146,31,51,14,56,35,60,15,57,19,25,7,84,7,7,0,20160708
금천11-1,201606,117900124,18865,시흥2동주민센터.동일여고,0,0,0,0,0,0,0,0,0,0,4,1,14,6,26,190,49,59,34,13,33,13,39,17,27,9,50,8,36,9,125,26,371,35,105,6,129,8,52,20,76,7,59,2,55,3,2,0,20160708
금천11-1,201606,117900060,18583,벽산아파트5단지,0,0,0,0,0,0,0,0,0,0,1,28,4,15,108,30,130,60,20,19,18,61,12,38,6,48,29,76,9,45,19,149,26,182,12,81,24,83,30,81,18,78,3,52,8,78,0,6,20160708
금천11-1,201606,117900057,18590,호압사입구,0,0,0,0,0,0,0,0,0,0,50,25,32,28,216,100,188,82,44,59,64,73,35,39,76,32,59,77,25,28,86,58,78,254,79,127,93,106,81,41,123,93,56,34,66,51,21,9,20160708
금천11-1,201606,117900053,18596,벽산1단지입구,0,0,0,0,0,0,0,0,0,0,52,3,36,8,343,56,282,26,81,21,60,24,65,9,45,13,68,16,35,8,29,40,45,48,37,22,48,36,30,22,43,39,31,29,32,34,5,9,20160708
금천11-1,201606,117900048,18639,벽산6단지입구,0,0,0,0,0,0,0,0,0,0,17,0,7,28,105,23,31,21,12,12,24,5,18,15,20,7,35,9,9,4,19,14,13,24,19,13,15,28,14,13,7,20,8,12,14,30,1,1,20160708
금천11-1,201606,117900035,18764,동일여고,0,0,0,0,0,0,0,0,0,0,1,0,1,15,35,358,32,105,3,17,4,6,0,6,1,11,12,15,7,5,6,3,19,10,21,4,23,4,7,8,9,7,3,5,1,7,0,0,20160708
금천11-1,201606,117900032,18786,제일교회,0,0,0,0,0,0,0,0,0,0,4,11,20,1,12,16,2,23,16,18,10,20,21,19,31,13,27,23,5,9,10,13,47,47,25,16,27,35,7,30,10,18,17,14,3,8,1,2,20160708
금천11-1,201606,117900188,18979,관악우방아파트,0,0,0,0,0,0,0,0,0,0,30,31,33,4,183,9,167,15,138,9,273,49,116,19,102,17,123,34,86,13,106,23,316,17,141,21,198,30,108,18,174,24,131,20,87,11,26,7,20160708
금천11-1,201606,117900187,18980,차오름길입구,0,0,0,0,0,0,0,0,0,0,40,1,38,0,12,5,29,24,31,34,26,57,22,10,11,6,22,6,8,10,10,12,20,18,13,13,9,11,5,14,13,6,12,3,9,5,4,3,20160708
금천11-1,201606,117900186,18981,시흥계곡앞,0,0,0,0,0,0,0,0,0,0,62,0,82,9,35,4,61,14,69,11,74,24,70,9,52,8,64,23,36,4,43,14,84,17,44,14,47,15,41,21,24,23,23,14,9,12,5,4,20160708
금천11-1,201606,117900185,18982,영일빌라,0,0,0,0,0,0,0,0,0,0,22,2,67,4,35,19,60,63,59,16,53,46,45,29,26,18,32,35,26,26,31,27,39,46,36,45,39,57,34,51,17,39,9,34,8,17,7,19,20160708
금천11-1,201606,117900195,18983,백산초등학교,0,0,0,0,0,0,0,0,0,0,0,7,17,14,3,173,8,611,3,50,19,130,15,30,10,50,22,69,18,41,51,40,50,131,32,68,18,76,7,37,11,48,1,23,7,29,0,9,20160708
금천11-1,201606,117900184,18984,금천고등학교,0,0,0,0,0,0,0,0,0,0,1,3,14,4,10,79,26,43,19,26,8,26,11,24,9,27,19,27,12,32,13,23,61,56,16,34,17,56,3,28,8,30,1,30,0,10,0,10,20160708
금천11-1,201606,117900183,18985,시흥3동공영주차장앞,0,0,0,0,0,0,0,0,0,0,41,45,36,90,56,40,120,164,62,125,68,76,32,87,30,78,55,120,24,59,36,82,55,212,58,138,59,165,22,110,10,109,11,124,8,63,0,26,20160708
금천11-1,201606,117900182,18987,기아대교앞,0,0,0,0,0,0,0,0,0,0,0,23,1,43,1,20,0,38,0,25,1,21,1,27,3,26,4,30,2,11,1,32,2,42,4,35,2,30,3,14,1,19,0,19,0,8,0,6,20160708
금천11-1,201606,117900181,18988,석수역,0,0,0,0,0,0,0,0,0,0,0,144,8,341,20,248,49,390,18,327,29,261,45,296,30,202,78,305,55,160,87,175,173,249,196,243,401,233,252,142,140,155,129,104,49,59,55,27,20160708
금천11-1,201606,117900180,18989,석수역,0,0,0,0,0,0,0,0,0,0,15,0,67,2,192,2,145,17,165,4,180,16,139,13,102,11,185,20,160,17,139,22,170,26,205,14,273,16,227,20,264,12,245,12,171,12,234,5,20160708
금천11-1,201606,117000083,18169,기아대교앞,0,0,0,0,0,0,0,0,0,0,0,0,0,1,0,0,0,1,0,2,1,1,1,3,0,2,0,6,0,0,0,3,2,5,1,5,0,5,0,3,1,2,17,22,0,4,0,4,20160708
금천11-1,201606,117900030,18789,시흥3동주민센터앞,1,1,0,0,0,0,0,0,0,0,1,1,15,0,237,18,85,14,55,18,68,21,84,23,47,6,64,25,50,22,59,15,88,27,95,25,158,29,98,26,72,17,69,12,33,14,14,21,20160708
금천11-1,201606,117000081,18167,박미마을,1,1,0,0,0,0,0,0,0,0,5,0,26,3,179,53,90,25,71,39,84,26,64,19,47,20,89,28,124,31,88,18,218,36,154,26,146,50,123,44,84,24,97,46,54,17,23,32,20160708
금천11-1,201606,117900178,18967,금천폭포공원,3,0,0,0,0,0,0,0,0,0,0,4,15,7,253,42,52,54,56,31,50,40,69,21,89,28,111,26,75,46,149,20,427,54,122,55,114,76,90,77,79,30,98,40,66,7,44,11,20160708
금천11-1,201606,117900177,18968,영일빌라,0,4,0,0,0,0,0,0,0,0,2,1,51,4,120,17,26,33,24,16,25,28,26,16,6,20,13,36,24,31,28,30,27,42,22,50,28,93,17,71,7,36,7,60,5,49,5,52,20160708
금천11-1,201606,117900176,18969,시흥계곡앞,0,14,0,0,0,0,0,0,0,0,0,1,4,17,40,16,22,10,14,33,17,39,21,22,7,17,23,50,27,48,13,37,18,56,14,61,15,134,15,99,4,55,7,81,4,27,4,53,20160708
금천11-1,201606,117900175,18970,차오름길입구,0,4,0,0,0,0,0,0,0,0,0,0,0,6,5,24,3,7,6,10,17,7,7,22,10,19,17,27,7,27,5,36,6,65,4,62,7,42,10,87,12,40,3,38,5,30,1,20,20160708
금천11-1,201606,117900065,18573,우방아파트.범일운수종점,14,6,0,0,0,0,0,0,0,0,2,2,10,59,12,121,29,62,38,85,44,110,35,89,56,76,57,101,65,87,53,77,208,248,95,130,147,192,109,163,68,91,93,121,203,59,34,23,20160708
금천11-1,201606,117900124,18865,시흥2동주민센터.동일여고,5,1,0,0,0,0,0,0,0,0,4,0,6,11,39,332,37,54,42,12,18,20,37,22,53,22,59,27,92,19,59,20,198,50,104,20,131,44,95,17,74,17,82,14,58,11,11,1,20160708
금천11-1,201606,117900060,18583,벽산아파트5단지,1,6,0,0,0,0,0,0,0,0,3,1,1,8,6,17,8,76,16,38,12,41,8,57,17,62,24,112,14,91,16,102,22,269,15,112,12,172,10,109,8,84,21,112,4,108,1,27,20160708
금천11-1,201606,117900057,18590,호압사입구,5,13,0,0,0,0,0,0,0,0,1,12,28,24,134,78,228,122,44,86,19,64,36,76,37,59,30,57,64,93,29,52,98,276,62,143,79,173,107,136,66,84,57,83,45,52,53,31,20160708
금천11-1,201606,117900053,18596,벽산1단지입구,7,10,0,0,0,0,0,0,0,0,1,1,31,4,17,5,79,29,56,7,27,8,43,14,40,10,37,23,22,22,23,17,62,46,47,33,44,32,47,52,26,37,32,35,20,24,20,20,20160708
금천11-1,201606,117900048,18639,벽산6단지입구,2,6,0,0,0,0,0,0,0,0,0,0,1,7,12,41,28,22,26,10,10,7,14,5,15,10,15,7,11,10,8,6,18,20,6,13,6,15,12,19,1,12,10,12,7,20,9,15,20160708
금천11-1,201606,117900035,18764,동일여고,0,1,0,0,0,0,0,0,0,0,0,0,1,39,4,238,3,195,4,28,2,7,2,10,9,5,7,8,4,16,1,6,43,27,33,28,5,8,19,16,9,14,19,9,10,5,5,1,20160708
금천11-1,201606,117900174,18959,백운한비치.금광포란재아파트,6,6,0,0,0,0,0,0,0,0,0,0,2,12,19,25,34,48,22,44,16,30,15,33,31,37,33,36,35,39,17,23,81,62,40,53,39,41,40,49,24,30,20,44,54,22,18,25,20160708
금천11-1,201606,117900173,18960,시흥5동주민센터,17,10,0,0,0,0,0,0,0,0,0,0,20,11,19,15,63,51,64,47,58,34,70,44,66,47,122,74,80,59,39,48,134,61,104,67,122,57,104,80,126,38,97,34,110,26,68,27,20160708
금천11-1,201606,117900172,18961,삼성산자연공원.삼성체육공원,4,3,0,0,0,0,0,0,0,0,0,0,1,4,6,4,65,2,21,11,11,4,17,11,14,18,32,26,24,20,12,13,10,38,15,40,11,36,14,26,5,18,13,27,5,27,3,17,20160708
금천11-1,201606,117900171,18962,시흥아파트앞,2,3,0,0,0,0,0,0,0,0,0,0,1,5,4,5,20,4,0,7,2,15,2,5,2,14,5,25,4,25,0,15,4,25,1,21,3,11,4,30,2,24,1,16,0,15,2,22,20160708
금천11-1,201606,117900170,18963,신흥초등학교,0,17,0,0,0,0,0,0,0,0,0,0,1,7,0,18,2,6,4,14,5,21,1,30,2,33,5,33,1,25,1,9,2,52,3,40,3,35,3,39,3,30,1,22,0,25,0,19,20160708
금천11-1,201606,117900169,18964,한빛무궁화아파트,1,25,0,0,0,0,0,0,0,0,0,0,1,16,0,7,0,38,0,61,1,54,0,59,0,44,1,89,0,79,2,34,0,147,3,138,2,97,0,109,1,101,1,124,0,131,0,70,20160708
금천11-1,201606,117900168,18965,한울중학교앞,0,33,0,0,0,0,0,0,0,0,77,0,84,28,31,49,32,192,10,92,37,74,31,86,5,106,7,111,4,109,0,48,20,201,3,165,23,139,26,167,7,100,3,146,2,159,5,68,20160708
금천11-1,201606,117900193,18857,산기슭공원,0,12,0,0,0,0,0,0,0,0,0,0,0,7,0,21,0,50,0,30,0,21,0,25,2,28,0,32,0,42,1,32,1,71,0,74,2,71,1,60,0,31,0,50,1,70,0,43,20160708
금천11-1,201605,117900184,18984,금천고등학교,0,0,0,0,0,0,0,0,0,0,3,0,10,4,11,99,19,47,8,34,18,38,10,29,12,35,32,38,3,22,19,21,48,56,15,48,12,32,4,20,16,29,4,26,1,9,3,10,20160608
금천11-1,201605,117900183,18985,시흥3동공영주차장앞,0,0,0,0,0,0,0,0,0,0,45,47,53,83,53,42,110,152,74,98,41,94,50,94,38,69,36,130,15,70,35,82,50,170,37,127,52,187,24,107,22,115,20,101,3,29,2,31,20160608
금천11-1,201605,117900182,18987,기아대교앞,0,0,0,0,0,0,0,0,0,0,1,15,1,67,0,35,2,72,4,43,5,35,5,30,0,20,2,30,3,19,12,35,3,33,0,31,0,23,3,19,0,29,0,12,0,15,0,8,20160608
금천11-1,201605,117900181,18988,석수역,0,0,0,0,0,0,0,0,0,0,0,132,7,385,49,340,59,453,30,389,40,266,48,305,44,195,63,321,67,171,91,187,166,286,244,228,311,207,204,120,171,138,169,118,69,66,50,43,20160608
금천11-1,201605,117900180,18989,석수역,0,0,0,0,0,0,0,0,0,0,21,0,34,2,138,5,174,31,176,6,176,6,140,25,122,16,176,18,163,9,164,38,210,30,276,24,379,13,266,21,265,7,254,18,189,9,197,9,20160608
금천11-1,201605,117000083,18169,기아대교앞,0,0,0,0,0,0,0,0,0,0,0,0,0,0,1,1,0,2,1,2,0,2,1,3,0,3,0,10,0,3,0,3,0,3,0,9,2,11,1,11,0,0,0,4,0,3,1,3,20160608
금천11-1,201605,117900030,18789,시흥3동주민센터앞,2,2,0,0,0,0,0,0,0,0,5,0,24,1,188,11,78,25,73,29,46,15,66,16,56,16,76,20,64,12,55,16,83,30,72,30,175,42,109,34,63,11,80,20,32,14,27,26,20160608
금천11-1,201605,117000081,18167,박미마을,0,1,0,0,0,0,0,0,0,0,10,1,33,4,156,48,100,26,94,51,74,26,72,22,80,25,109,13,103,24,54,17,224,36,116,37,176,50,104,60,84,17,83,45,62,17,8,23,20160608
금천11-1,201605,117900178,18967,금천폭포공원,3,2,0,0,0,0,0,0,0,0,0,3,26,2,204,29,39,75,45,44,55,34,103,32,86,31,99,32,83,35,154,23,296,47,111,58,153,72,101,77,95,36,93,34,72,10,21,8,20160608
금천11-1,201605,117900177,18968,영일빌라,1,5,0,0,0,0,0,0,0,0,0,1,51,2,120,13,24,26,53,22,18,24,28,35,20,15,18,26,19,56,11,33,22,57,21,55,30,115,16,81,12,43,9,58,8,59,8,49,20160608
금천11-1,201605,117900176,18969,시흥계곡앞,2,10,0,0,0,0,0,0,0,0,0,6,3,9,29,12,21,11,19,35,18,51,35,28,15,28,36,38,48,46,14,39,21,82,21,55,13,95,4,88,10,67,15,98,2,55,5,32,20160608
금천11-1,201605,117900175,18970,차오름길입구,0,6,0,0,0,0,0,0,0,0,0,1,2,9,8,11,3,2,3,12,5,11,9,22,8,18,5,17,7,17,16,20,4,44,8,56,1,58,1,80,6,52,5,49,4,40,1,12,20160608
금천11-1,201605,117900065,18573,우방아파트.범일운수종점,7,2,0,0,0,0,0,0,0,0,2,2,10,56,21,102,32,65,55,93,45,92,59,80,59,63,39,142,48,93,31,71,202,184,93,113,102,222,73,158,67,89,70,109,143,47,41,31,20160608
금천11-1,201605,117900124,18865,시흥2동주민센터.동일여고,2,1,0,0,0,0,0,0,0,0,1,0,11,15,69,320,43,47,34,13,28,16,56,17,39,23,32,11,37,25,40,14,241,56,94,27,106,26,79,18,62,20,47,16,37,8,6,4,20160608
금천11-1,201605,117900060,18583,벽산아파트5단지,3,7,0,0,0,0,0,0,0,0,0,10,0,5,5,21,12,57,30,41,17,41,11,66,15,74,28,64,19,70,5,89,13,263,8,111,13,178,13,97,6,81,8,79,9,63,4,24,20160608
금천11-1,201605,117900057,18590,호압사입구,5,10,0,0,0,0,0,0,0,0,1,8,15,26,143,99,177,139,40,88,30,79,63,83,62,62,56,60,55,55,35,57,93,264,86,131,117,176,116,110,54,80,90,66,54,54,51,20,20160608
금천11-1,201605,117900053,18596,벽산1단지입구,10,8,0,0,0,0,0,0,0,0,1,0,32,6,15,10,94,15,49,8,20,5,34,13,60,20,31,14,22,20,17,16,47,61,53,22,41,31,60,37,19,38,32,38,19,39,14,32,20160608
금천11-1,201605,117900048,18639,벽산6단지입구,2,2,0,0,0,0,0,0,0,0,0,0,2,8,13,54,20,17,23,3,10,8,8,12,16,4,18,9,8,6,3,6,21,30,12,15,8,21,10,24,5,20,6,15,8,9,4,9,20160608
금천11-1,201605,117900035,18764,동일여고,0,0,0,0,0,0,0,0,0,0,0,0,2,35,2,203,4,147,3,19,1,12,1,25,4,7,4,9,4,8,7,8,26,22,24,28,5,17,7,19,4,5,10,12,5,7,1,2,20160608
금천11-1,201605,117900174,18959,백운한비치.금광포란재아파트,7,4,0,0,0,0,0,0,0,0,0,1,3,12,14,22,12,61,26,46,16,24,26,41,47,40,29,40,35,37,15,17,67,55,29,69,37,74,24,58,22,29,13,50,28,31,15,16,20160608
금천11-1,201605,117900173,18960,시흥5동주민센터,19,12,0,0,0,0,0,0,0,0,0,0,23,14,15,16,56,38,54,58,46,43,81,55,101,58,103,47,101,76,54,27,124,59,95,67,158,62,136,74,97,33,118,47,81,30,79,15,20160608
금천11-1,201605,117900172,18961,삼성산자연공원.삼성체육공원,3,3,0,0,0,0,0,0,0,0,0,0,1,7,7,2,68,9,18,16,11,14,25,18,9,23,31,33,21,27,4,9,3,34,5,35,9,50,13,45,5,27,23,26,1,22,4,25,20160608
금천11-1,201605,117900171,18962,시흥아파트앞,0,5,0,0,0,0,0,0,0,0,0,0,0,3,6,8,7,4,4,7,0,11,4,3,1,28,3,14,2,13,0,10,2,30,1,30,2,21,1,30,0,14,2,17,0,16,0,16,20160608
금천11-1,201605,117900170,18963,신흥초등학교,0,13,0,0,0,0,0,0,0,0,0,0,0,6,0,13,1,10,4,8,6,26,2,30,1,59,0,33,4,36,2,19,1,53,1,43,2,31,2,41,1,19,0,33,1,22,0,21,20160608
금천11-1,201605,117900169,18964,한빛무궁화아파트,0,22,0,0,0,0,0,0,0,0,0,0,3,7,0,9,0,22,0,50,0,38,1,56,1,69,1,104,0,81,1,43,2,125,1,107,1,134,0,124,1,81,1,117,1,118,1,75,20160608
금천11-1,201605,117900168,18965,한울중학교앞,1,36,0,0,0,0,0,0,0,0,105,0,63,32,20,50,34,159,19,98,38,89,30,115,3,107,10,148,14,118,9,64,17,175,8,144,29,150,14,149,20,99,2,127,10,140,5,69,20160608
금천11-1,201605,117900193,18857,산기슭공원,0,6,0,0,0,0,0,0,0,0,4,0,0,6,0,29,0,57,0,36,0,36,0,31,0,49,0,54,1,49,0,27,1,60,0,82,0,48,0,45,0,51,0,61,0,42,0,37,20160608
금천11-1,201605,117900189,18978,금광포란재.백운한비치아파트,0,0,0,0,0,0,0,0,0,0,4,3,6,23,17,6,36,17,33,10,26,18,19,13,20,4,16,12,12,8,21,13,20,24,26,4,36,12,14,7,15,15,11,3,5,4,6,0,20160608
금천11-1,201605,117900065,18573,우방아파트.범일운수종점,0,0,0,0,0,0,0,0,0,0,6,3,3,4,16,24,27,15,18,15,40,37,28,14,38,5,35,23,25,10,107,21,136,28,52,16,78,34,54,15,91,9,39,6,51,4,9,1,20160608
금천11-1,201605,117900124,18865,시흥2동주민센터.동일여고,0,0,0,0,0,0,0,0,0,0,7,8,16,12,29,110,34,48,23,6,28,24,25,5,46,12,49,5,12,6,184,9,243,23,82,11,98,12,72,9,68,11,26,5,22,4,2,0,20160608
금천11-1,201605,117900060,18583,벽산아파트5단지,0,0,0,0,0,0,0,0,0,0,6,26,14,5,141,30,107,65,7,31,21,29,17,55,21,74,29,48,12,34,16,183,27,136,16,80,11,97,15,72,15,71,6,39,11,33,1,4,20160608
금천11-1,201605,117900057,18590,호압사입구,0,0,0,0,0,0,0,0,0,0,39,22,45,29,160,80,201,89,40,66,73,72,46,54,55,64,76,75,59,33,78,80,93,244,89,92,99,87,92,97,97,91,72,26,67,39,21,6,20160608
금천11-1,201605,117900053,18596,벽산1단지입구,0,0,0,0,0,0,0,0,0,0,37,1,19,2,222,23,279,22,98,26,79,16,57,15,39,14,74,15,41,10,40,36,59,45,32,30,54,40,53,26,30,32,18,19,36,34,15,11,20160608
금천11-1,201605,117900048,18639,벽산6단지입구,0,0,0,0,0,0,0,0,0,0,11,3,12,32,99,25,20,20,19,9,18,11,18,5,15,8,20,9,9,4,11,21,12,18,11,12,11,24,9,16,8,19,5,6,9,9,1,2,20160608
금천11-1,201605,117900035,18764,동일여고,0,0,0,0,0,0,0,0,0,0,0,0,1,9,38,309,17,102,4,13,9,6,6,3,6,4,6,10,2,2,3,4,6,8,8,1,12,5,6,2,3,5,1,4,9,8,1,2,20160608
금천11-1,201605,117900032,18786,제일교회,0,0,0,0,0,0,0,0,0,0,3,9,16,2,23,18,9,18,7,20,13,32,15,10,19,14,13,27,8,14,11,18,24,40,10,24,19,16,8,18,15,24,9,13,3,12,3,5,20160608
금천11-1,201605,117900188,18979,관악우방아파트,0,0,0,0,0,0,0,0,0,0,28,20,34,2,181,7,177,23,126,11,137,24,135,14,119,30,142,16,83,25,100,20,293,27,174,20,173,28,94,15,169,24,121,19,73,20,40,6,20160608
금천11-1,201605,117900187,18980,차오름길입구,0,0,0,0,0,0,0,0,0,0,45,1,59,1,26,0,29,30,26,17,27,15,16,10,15,3,25,2,10,12,12,4,22,7,10,9,9,24,13,19,16,6,7,7,9,4,1,4,20160608
금천11-1,201605,117900186,18981,시흥계곡앞,0,0,0,0,0,0,0,0,0,0,54,2,113,1,59,4,109,17,98,5,58,16,79,10,48,12,80,15,48,14,61,16,96,29,59,18,46,21,29,17,27,15,25,12,9,11,9,9,20160608
금천11-1,201605,117900185,18982,영일빌라,0,0,0,0,0,0,0,0,0,0,13,2,83,9,56,14,51,53,83,13,49,21,42,37,17,23,17,35,21,24,26,28,39,44,24,41,31,46,8,32,15,51,15,27,4,20,6,20,20160608
금천11-1,201605,117900195,18983,백산초등학교,0,0,0,0,0,0,0,0,0,0,0,11,10,24,3,133,8,525,6,72,16,68,10,43,19,42,27,67,17,33,53,40,48,83,24,60,31,57,5,41,17,44,5,15,3,30,1,17,20160608
금천11-1,201605,117900193,18857,산기슭공원,0,3,0,0,0,0,0,0,0,0,10,0,12,0,2,2,0,1,14,4,18,2,18,1,1,2,14,1,22,7,2,0,12,3,4,3,5,0,6,3,8,3,11,4,8,3,6,0,20160608
금천11-1,201605,117900192,18972,한울중학교앞,0,0,0,0,0,0,0,0,0,0,34,0,120,6,487,7,170,6,133,4,150,0,127,4,138,3,143,2,57,2,183,1,223,5,141,4,161,5,71,0,91,2,54,4,56,1,22,0,20160608
금천11-1,201605,117900191,18973,한빛무궁화아파트,0,0,0,0,0,0,0,0,0,0,23,0,56,0,93,1,145,1,45,0,63,0,33,3,38,0,48,0,24,0,54,1,51,4,27,4,42,1,26,0,35,0,13,0,11,4,8,1,20160608
금천11-1,201605,117900190,18974,신흥초등학교,0,0,0,0,0,0,0,0,0,0,4,0,26,0,62,2,29,1,16,3,23,5,16,1,8,3,16,1,10,0,28,5,26,4,13,0,18,4,9,0,4,4,2,0,6,0,1,0,20160608
금천11-1,201605,117900194,18975,시흥아파트앞,0,0,0,0,0,0,0,0,0,0,0,1,1,1,14,5,17,2,15,2,3,4,9,4,1,1,5,2,3,2,11,14,6,12,7,6,8,8,5,1,4,3,1,1,3,0,0,3,20160608
금천11-1,201605,117900196,18976,삼성체육공원.삼성산자연공원,0,0,0,0,0,0,0,0,0,0,1,17,21,5,25,10,10,37,19,23,11,15,18,12,8,30,13,17,12,15,16,41,7,28,10,18,13,44,5,19,1,17,4,9,4,7,1,5,20160608
금천11-1,201605,117900207,18977,시흥5동주민센터,0,0,0,0,0,0,0,0,0,0,1,51,7,31,31,18,36,97,43,69,38,57,31,59,38,38,52,45,27,38,42,80,51,77,38,40,94,46,48,36,31,42,27,20,14,17,10,17,20160608
금천11-1,201604,117900193,18857,산기슭공원,0,0,0,0,0,0,0,0,0,0,6,0,20,0,49,7,28,5,17,2,6,0,20,1,7,3,21,4,5,5,22,1,29,2,5,5,17,2,10,1,5,1,3,5,14,2,0,1,20160508
금천11-1,201604,117900192,18972,한울중학교앞,0,0,0,0,0,0,0,0,0,0,17,1,135,2,409,13,165,2,106,0,142,0,69,1,127,2,120,1,53,4,194,2,219,1,136,4,161,2,46,3,63,0,53,1,57,0,19,0,20160508
금천11-1,201604,117900191,18973,한빛무궁화아파트,0,0,0,0,0,0,0,0,0,0,10,0,60,0,88,1,103,0,35,2,54,3,23,0,43,0,42,2,30,0,47,1,34,2,25,5,58,3,13,0,24,0,10,1,16,1,2,3,20160508
금천11-1,201604,117900190,18974,신흥초등학교,0,0,0,0,0,0,0,0,0,0,1,0,16,0,42,1,20,1,15,3,10,0,10,0,11,1,24,3,4,0,31,1,22,1,20,3,13,8,4,1,2,1,2,0,1,1,1,0,20160508
금천11-1,201604,117900194,18975,시흥아파트앞,0,0,0,0,0,0,0,0,0,0,0,0,1,0,8,3,7,7,8,0,9,1,12,1,5,3,2,4,1,0,2,13,7,6,7,6,8,11,11,1,3,2,3,4,2,0,0,0,20160508
금천11-1,201604,117900196,18976,삼성체육공원.삼성산자연공원,0,0,0,0,0,0,0,0,0,0,2,5,22,2,7,9,7,44,13,18,8,16,5,15,0,16,8,16,5,11,8,50,11,51,4,7,16,32,6,19,9,9,3,9,6,18,0,0,20160508
금천11-1,201604,117900207,18977,시흥5동주민센터,0,0,0,0,0,0,0,0,0,0,1,30,7,40,27,21,17,68,19,50,24,43,22,47,28,36,39,47,29,53,38,53,43,65,35,32,75,67,51,46,20,27,19,26,17,16,7,7,20160508
금천11-1,201604,117900189,18978,금광포란재.백운한비치아파트,0,0,0,0,0,0,0,0,0,0,3,1,15,26,27,13,32,18,16,9,17,16,19,11,12,8,16,5,8,10,21,20,20,22,9,19,26,13,10,6,15,5,7,4,8,1,7,3,20160508
금천11-1,201604,117900065,18573,우방아파트.범일운수종점,0,0,0,0,0,0,0,0,0,0,5,0,4,4,19,26,31,15,13,20,27,23,33,9,30,18,28,19,17,12,104,21,196,32,59,14,61,23,46,19,74,5,36,7,79,5,13,1,20160508
금천11-1,201604,117900124,18865,시흥2동주민센터.동일여고,0,0,0,0,0,0,0,0,0,0,3,1,8,7,34,110,28,30,22,8,23,19,45,2,48,7,35,8,20,6,119,22,260,25,92,16,75,13,50,3,90,7,27,1,31,2,5,1,20160508
금천11-1,201604,117900060,18583,벽산아파트5단지,0,0,0,0,0,0,0,0,0,0,4,10,18,4,181,29,99,64,18,27,14,30,18,46,15,41,26,52,7,27,16,145,12,187,20,117,10,64,11,86,12,75,5,30,2,53,0,12,20160508
금천11-1,201604,117900057,18590,호압사입구,0,0,0,0,0,0,0,0,0,0,24,5,38,20,149,75,149,55,38,35,52,37,46,58,48,65,60,53,19,27,64,46,81,197,65,96,84,51,80,25,68,94,71,25,59,52,28,2,20160508
금천11-1,201604,117900053,18596,벽산1단지입구,0,0,0,0,0,0,0,0,0,0,27,2,16,1,214,22,257,12,72,20,64,4,51,6,43,11,66,11,26,6,37,29,41,38,30,23,51,38,39,14,33,26,28,20,39,41,5,9,20160508
금천11-1,201604,117900048,18639,벽산6단지입구,0,0,0,0,0,0,0,0,0,0,28,1,3,32,79,26,25,11,13,2,10,12,9,4,7,8,8,7,3,4,9,17,7,21,11,10,9,24,2,11,4,15,7,13,7,11,7,7,20160508
금천11-1,201604,117900035,18764,동일여고,0,0,0,0,0,0,0,0,0,0,0,2,2,6,35,274,15,103,4,6,4,8,7,3,5,4,1,11,4,0,6,5,1,5,7,2,9,5,3,4,5,2,2,6,2,4,0,0,20160508
금천11-1,201604,117900032,18786,제일교회,0,0,0,0,0,0,0,0,0,0,1,10,11,5,19,7,9,19,11,27,16,20,31,20,14,11,14,23,8,16,14,31,35,51,23,15,25,45,8,19,7,16,15,21,7,9,1,3,20160508
금천11-1,201604,117900188,18979,관악우방아파트,0,0,0,0,0,0,0,0,0,0,21,5,62,2,127,7,203,20,103,17,100,17,117,12,94,17,118,37,83,7,119,16,336,25,189,22,203,33,91,18,172,20,122,18,84,11,35,8,20160508
금천11-1,201604,117900187,18980,차오름길입구,0,0,0,0,0,0,0,0,0,0,59,0,44,0,24,0,31,13,33,16,27,23,24,14,19,3,12,2,15,5,14,2,13,6,9,11,11,16,11,9,6,6,3,6,8,2,1,4,20160508
금천11-1,201604,117900186,18981,시흥계곡앞,0,0,0,0,0,0,0,0,0,0,71,1,79,2,69,1,73,10,68,6,65,13,66,4,45,10,59,6,30,21,37,12,61,31,42,13,31,23,28,16,26,20,24,12,14,12,4,4,20160508
금천11-1,201604,117900185,18982,영일빌라,0,0,0,0,0,0,0,0,0,0,16,3,68,12,51,13,36,116,50,8,53,13,29,28,22,16,31,22,14,14,20,31,22,50,24,41,45,40,9,29,9,28,11,26,4,10,7,9,20160508
금천11-1,201604,117900195,18983,백산초등학교,0,0,0,0,0,0,0,0,0,0,0,11,4,18,3,142,7,435,8,41,8,39,13,47,12,39,21,46,7,34,54,48,55,121,38,85,20,67,5,43,16,47,1,20,1,34,0,34,20160508
금천11-1,201604,117900184,18984,금천고등학교,0,0,0,0,0,0,0,0,0,0,1,1,11,21,9,123,18,54,8,21,9,30,25,34,5,12,25,27,8,14,14,25,51,63,11,29,19,46,2,21,12,24,5,27,1,16,1,12,20160508
금천11-1,201604,117900183,18985,시흥3동공영주차장앞,0,0,0,0,0,0,0,0,0,0,54,30,33,82,68,48,97,117,57,96,39,62,33,89,27,63,36,110,28,76,33,80,46,171,32,102,62,159,19,81,26,105,20,112,10,64,0,37,20160508
금천11-1,201604,117900182,18987,기아대교앞,0,0,0,0,0,0,0,0,0,0,0,26,2,71,1,36,0,57,2,22,1,35,3,27,1,13,0,21,2,7,1,22,2,32,2,14,4,33,0,16,0,18,2,12,0,7,1,9,20160508
금천11-1,201604,117900181,18988,석수역,0,0,0,0,0,0,0,0,0,0,1,117,4,338,29,313,17,402,24,334,18,229,23,264,41,158,60,277,48,124,62,154,124,212,117,191,254,192,134,98,132,126,118,95,82,57,55,21,20160508
금천11-1,201604,117900180,18989,석수역,1,0,0,0,0,0,0,0,0,0,11,1,32,3,173,4,171,26,154,1,135,2,165,14,104,7,165,23,134,15,154,25,303,37,326,20,448,28,333,19,284,17,279,15,147,2,211,11,20160508
금천11-1,201604,117000083,18169,기아대교앞,0,1,0,0,0,0,0,0,0,0,2,0,0,1,10,1,5,2,0,4,4,16,4,2,2,5,4,7,4,3,4,3,6,6,6,2,7,6,6,7,0,1,1,2,0,2,0,7,20160508
금천11-1,201604,117900030,18789,시흥3동주민센터앞,0,1,0,0,0,0,0,0,0,0,6,1,48,5,163,13,74,8,63,25,66,11,66,21,37,14,66,13,48,10,40,10,85,26,60,17,119,44,72,28,40,13,77,20,49,17,29,18,20160508
금천11-1,201604,117000081,18167,박미마을,1,7,0,0,0,0,0,0,0,0,6,3,17,8,154,57,93,40,81,31,73,23,61,16,89,16,114,21,91,29,71,11,234,32,109,18,217,53,125,54,75,19,119,31,49,22,15,27,20160508
금천11-1,201604,117900178,18967,금천폭포공원,3,3,0,0,0,0,0,0,0,0,0,0,30,6,225,37,45,74,49,38,40,25,74,22,70,8,105,29,78,32,199,13,349,49,126,52,141,79,133,51,58,22,86,33,40,9,19,14,20160508
금천11-1,201604,117900177,18968,영일빌라,0,4,0,0,0,0,0,0,0,0,2,1,29,3,118,8,31,15,32,16,25,13,28,14,27,24,23,26,23,26,6,20,25,49,13,56,31,107,18,96,5,43,8,51,7,50,3,31,20160508
금천11-1,201604,117900176,18969,시흥계곡앞,2,23,0,0,0,0,0,0,0,0,0,3,1,14,21,10,13,16,16,16,8,28,12,19,10,27,26,26,13,36,17,23,12,56,24,51,10,94,13,111,2,52,6,81,5,44,6,24,20160508
금천11-1,201604,117900175,18970,차오름길입구,2,2,0,0,0,0,0,0,0,0,0,0,1,7,4,12,3,5,4,14,7,12,2,20,1,13,3,20,1,17,4,28,3,50,10,49,8,49,13,82,1,44,10,50,0,24,2,24,20160508
금천11-1,201604,117900065,18573,우방아파트.범일운수종점,11,10,0,0,0,0,0,0,0,0,2,5,8,43,32,100,26,75,34,86,43,114,85,89,69,72,43,107,41,98,57,76,229,200,86,122,105,236,90,192,49,76,77,101,159,44,20,16,20160508
금천11-1,201604,117900124,18865,시흥2동주민센터.동일여고,2,2,0,0,0,0,0,0,0,0,1,0,5,6,54,356,28,38,29,19,31,19,85,15,41,23,35,35,40,19,55,9,203,50,97,25,104,42,96,25,50,7,40,10,50,10,8,0,20160508
금천11-1,201604,117900060,18583,벽산아파트5단지,0,12,0,0,0,0,0,0,0,0,3,4,2,10,8,33,7,59,35,39,18,30,18,76,9,62,22,62,14,52,4,176,14,352,5,118,15,190,15,126,4,65,14,76,6,71,1,22,20160508
금천11-1,201604,117900057,18590,호압사입구,7,7,0,0,0,0,0,0,0,0,1,3,16,13,132,78,150,81,34,77,21,37,47,112,48,61,54,76,40,61,25,60,61,233,67,111,105,132,100,107,61,60,67,52,35,52,50,27,20160508
금천11-1,201604,117900053,18596,벽산1단지입구,14,8,0,0,0,0,0,0,0,0,0,1,23,3,41,8,56,13,49,8,21,4,18,17,41,23,39,15,45,16,5,19,51,66,19,31,35,33,46,46,26,39,33,35,21,26,19,31,20160508
금천11-1,201604,117900048,18639,벽산6단지입구,6,1,0,0,0,0,0,0,0,0,0,0,2,5,6,22,26,20,13,9,12,3,7,7,9,4,22,13,3,7,3,6,9,23,8,11,11,22,10,20,3,15,7,10,4,9,15,15,20160508
금천11-1,201604,117900035,18764,동일여고,1,2,0,0,0,0,0,0,0,0,0,0,1,31,3,216,10,117,4,33,0,16,1,17,3,10,1,16,0,16,1,6,17,16,25,30,6,13,13,12,4,2,6,11,6,3,2,9,20160508
금천11-1,201604,117900174,18959,백운한비치.금광포란재아파트,1,5,0,0,0,0,0,0,0,0,0,0,7,11,21,26,27,60,23,50,8,30,25,39,40,32,39,37,32,33,11,14,108,60,24,49,52,39,35,50,27,32,32,43,34,20,9,9,20160508
금천11-1,201604,117900173,18960,시흥5동주민센터,15,15,0,0,0,0,0,0,0,0,1,0,24,8,40,15,44,32,66,43,49,32,96,55,103,40,100,59,85,45,46,39,148,64,96,59,151,80,155,65,114,38,124,36,112,30,58,26,20160508
금천11-1,201604,117900172,18961,삼성산자연공원.삼성체육공원,3,5,0,0,0,0,0,0,0,0,0,0,7,3,3,3,58,6,24,15,11,4,11,16,10,20,24,26,15,20,4,9,10,32,10,41,17,22,9,56,6,23,15,31,2,26,6,18,20160508
금천11-1,201604,117900171,18962,시흥아파트앞,0,2,0,0,0,0,0,0,0,0,0,0,2,6,0,21,8,7,2,1,2,6,4,6,1,12,4,11,5,28,0,3,2,22,8,29,1,18,5,39,1,18,1,11,2,17,0,14,20160508
금천11-1,201604,117900170,18963,신흥초등학교,1,16,0,0,0,0,0,0,0,0,0,0,0,5,0,18,4,5,2,27,2,15,7,19,0,36,4,30,3,19,0,9,2,59,2,34,0,40,0,25,0,27,0,35,1,41,0,22,20160508
금천11-1,201604,117900169,18964,한빛무궁화아파트,0,27,0,0,0,0,0,0,0,0,0,0,0,13,1,11,0,28,0,31,0,34,1,77,0,90,1,73,0,72,0,35,1,141,0,106,0,114,1,138,0,110,1,114,0,158,1,64,20160508
금천11-1,201604,117900168,18965,한울중학교앞,0,28,0,0,0,0,0,0,0,0,44,1,45,43,7,45,23,157,8,101,1,84,23,114,6,142,8,132,7,95,0,50,10,183,2,177,14,192,32,193,6,96,5,137,16,147,2,61,20160508
금천11-1,201604,117900193,18857,산기슭공원,0,9,0,0,0,0,0,0,0,0,0,0,0,6,0,32,0,26,0,21,0,26,0,34,0,39,0,43,0,49,0,13,0,66,1,78,1,57,0,41,0,44,0,46,0,63,0,24,20160508
금천11-1,201603,117000276,18740,한울중학교앞,0,0,0,0,0,0,0,0,0,0,5,1,1,2,0,3,6,7,2,4,0,4,1,5,0,13,0,12,0,13,0,6,0,11,0,25,0,14,0,12,2,9,0,7,1,11,0,5,20160408
금천11-1,201603,117900193,18857,산기슭공원,0,3,0,0,0,0,0,0,0,0,0,0,0,2,20,15,1,54,0,17,0,8,0,14,0,13,0,16,0,21,0,30,1,39,0,46,0,32,0,23,0,28,0,32,0,54,1,16,20160408
금천11-1,201603,117900053,18596,벽산1단지입구,8,3,0,0,0,0,0,0,0,0,6,1,15,4,29,7,74,10,46,4,31,11,42,8,50,8,32,21,33,24,43,34,48,52,33,42,45,33,36,21,20,33,31,30,20,29,10,10,20160408
금천11-1,201603,117900048,18639,벽산6단지입구,3,3,0,0,0,0,0,0,0,0,0,0,2,5,9,14,25,19,5,5,1,11,10,3,14,4,14,7,10,7,5,7,7,18,10,20,6,23,14,17,1,9,4,21,8,14,12,6,20160408
금천11-1,201603,117900035,18764,동일여고,0,0,0,0,0,0,0,0,0,0,2,1,0,21,4,141,7,57,3,17,4,16,5,6,5,7,3,7,4,8,9,15,11,22,9,33,5,12,6,14,7,7,6,6,5,6,1,3,20160408
금천11-1,201603,117900174,18959,백운한비치.금광포란재아파트,2,5,0,0,0,0,0,0,0,0,0,2,1,6,18,30,31,50,21,28,6,26,6,20,25,24,18,38,17,26,28,42,59,46,22,59,24,51,21,48,20,14,16,30,20,36,7,4,20160408
금천11-1,201603,117900173,18960,시흥5동주민센터,12,10,0,0,0,0,0,0,0,0,0,6,20,7,18,6,43,44,33,32,48,40,49,43,81,56,72,61,61,36,94,53,70,40,103,52,119,48,99,23,94,21,72,33,79,18,39,8,20160408
금천11-1,201603,117900172,18961,삼성산자연공원.삼성체육공원,0,4,0,0,0,0,0,0,0,0,0,0,0,1,4,2,115,10,13,17,7,10,2,13,16,17,10,13,6,6,7,17,7,23,12,27,10,24,7,41,6,30,7,14,7,32,1,8,20160408
금천11-1,201603,117900171,18962,시흥아파트앞,0,0,0,0,0,0,0,0,0,0,0,0,0,1,0,9,4,9,0,3,1,6,1,3,0,10,0,13,1,6,2,16,5,10,0,31,2,19,1,18,0,16,0,13,0,19,0,12,20160408
금천11-1,201603,117900170,18963,신흥초등학교,0,3,0,0,0,0,0,0,0,0,0,0,1,0,0,22,4,12,1,6,3,9,1,12,0,42,3,29,0,14,0,20,2,38,0,27,0,38,0,23,0,17,0,17,1,23,0,21,20160408
금천11-1,201603,117900169,18964,한빛무궁화아파트,0,18,0,0,0,0,0,0,0,0,0,0,0,3,0,22,0,47,0,15,0,22,1,34,0,52,0,50,0,49,0,83,0,86,0,104,0,80,0,75,0,51,0,78,0,114,0,50,20160408
금천11-1,201603,117900168,18965,한울중학교앞,0,3,0,0,0,0,0,0,0,0,14,1,24,19,9,37,14,160,17,50,9,50,1,56,11,86,12,83,0,55,19,56,6,144,9,87,43,100,12,121,0,67,8,78,3,82,3,21,20160408
금천11-1,201603,117900195,18983,백산초등학교,0,0,0,0,0,0,0,0,0,0,2,1,6,14,4,115,9,522,3,37,6,51,4,20,8,46,14,40,14,37,23,32,35,33,13,52,13,36,2,34,5,16,3,12,1,50,2,3,20160408
금천11-1,201603,117900184,18984,금천고등학교,0,0,0,0,0,0,0,0,0,0,6,0,25,11,8,252,11,65,3,10,4,16,4,24,10,19,4,20,5,28,10,21,26,36,17,25,15,47,1,30,4,17,20,18,6,15,0,5,20160408
금천11-1,201603,117900183,18985,시흥3동공영주차장앞,0,0,0,0,0,0,0,0,0,0,40,12,58,59,45,45,82,111,30,75,35,42,21,40,23,51,24,61,11,62,48,61,16,90,29,109,34,133,13,69,16,58,2,75,1,77,0,22,20160408
금천11-1,201603,117900182,18987,기아대교앞,0,0,0,0,0,0,0,0,0,0,0,16,0,56,1,34,1,54,0,28,2,25,2,13,2,20,1,13,2,16,1,23,1,16,0,28,1,39,0,17,0,15,0,8,0,8,0,8,20160408
금천11-1,201603,117900181,18988,석수역,0,0,0,0,0,0,0,0,0,0,0,138,6,323,5,278,16,397,8,211,11,172,13,128,31,201,36,159,39,121,50,142,70,127,83,181,228,133,89,96,58,90,81,66,45,73,32,32,20160408
금천11-1,201603,117900180,18989,석수역,3,0,0,0,0,0,0,0,0,0,6,0,36,1,122,3,147,29,80,8,82,5,79,1,119,8,94,14,117,6,120,28,172,30,231,17,234,10,240,10,145,6,223,6,146,8,151,9,20160408
금천11-1,201603,117000083,18169,기아대교앞,0,0,0,0,0,0,0,0,0,0,6,0,3,2,8,2,6,6,0,6,0,3,4,0,3,4,3,6,3,1,1,1,6,8,5,4,10,9,3,3,2,3,0,2,0,2,0,4,20160408
금천11-1,201603,117900030,18789,시흥3동주민센터앞,0,1,0,0,0,0,0,0,0,0,14,0,22,1,131,16,77,13,24,10,45,16,38,17,49,11,58,12,52,22,28,9,72,12,42,14,67,21,72,21,28,9,61,15,17,4,9,15,20160408
금천11-1,201603,117000081,18167,박미마을,0,0,0,0,0,0,0,0,0,0,4,0,37,9,148,17,79,27,41,15,45,28,50,10,68,12,46,11,47,17,105,11,196,21,119,18,155,24,79,34,41,17,74,21,39,16,9,13,20160408
금천11-1,201603,117900178,18967,금천폭포공원,1,4,0,0,0,0,0,0,0,0,1,0,44,16,101,19,61,50,31,20,41,22,36,15,48,22,54,14,71,24,193,25,269,30,92,33,93,49,79,37,53,11,47,32,32,12,20,7,20160408
금천11-1,201603,117900177,18968,영일빌라,0,6,0,0,0,0,0,0,0,0,0,0,39,7,67,8,59,15,3,4,13,8,6,8,16,14,14,19,13,14,10,17,30,36,9,28,16,54,7,60,2,25,3,38,10,35,1,10,20160408
금천11-1,201603,117900176,18969,시흥계곡앞,0,11,0,0,0,0,0,0,0,0,0,2,2,7,18,4,22,13,2,7,7,21,14,9,15,24,14,26,6,31,15,28,24,47,4,32,10,74,4,77,2,34,14,63,7,26,3,20,20160408
금천11-1,201603,117900175,18970,차오름길입구,2,5,0,0,0,0,0,0,0,0,0,1,3,4,2,2,4,7,6,4,5,8,2,11,2,12,8,14,8,8,6,9,9,41,9,24,4,23,4,36,11,18,4,23,12,23,7,11,20160408
금천11-1,201603,117900065,18573,우방아파트.범일운수종점,8,7,0,0,0,0,0,0,0,0,1,5,3,52,12,114,41,130,11,31,27,56,20,35,24,66,41,62,55,74,52,57,191,170,109,102,117,152,69,127,38,44,83,70,57,39,14,9,20160408
금천11-1,201603,117900124,18865,시흥2동주민센터.동일여고,1,0,0,0,0,0,0,0,0,0,0,0,9,33,33,119,40,111,16,6,12,8,22,7,18,15,25,13,62,11,76,22,202,47,68,25,63,22,55,9,23,9,45,6,9,3,2,1,20160408
금천11-1,201603,117900060,18583,벽산아파트5단지,1,9,0,0,0,0,0,0,0,0,1,4,3,11,7,13,14,117,5,23,13,22,11,26,13,46,19,41,11,74,14,222,12,284,6,132,17,162,3,88,3,68,12,84,8,37,5,28,20160408
금천11-1,201603,117900057,18590,호압사입구,5,5,0,0,0,0,0,0,0,0,1,17,21,20,65,62,125,70,18,34,19,30,22,36,29,24,48,44,27,45,35,80,68,155,90,108,73,126,75,73,46,57,47,52,43,41,22,11,20160408
금천11-1,201603,117900193,18857,산기슭공원,0,0,0,0,0,0,0,0,0,0,5,0,26,0,133,0,26,1,27,2,20,0,20,0,15,0,21,1,15,4,21,1,10,8,10,1,34,1,12,1,6,0,9,0,10,3,6,1,20160408
금천11-1,201603,117900192,18972,한울중학교앞,0,0,0,0,0,0,0,0,0,0,23,0,122,0,458,9,217,5,122,1,124,5,90,7,105,5,88,2,103,1,153,1,192,7,143,1,128,1,80,1,85,1,52,1,44,1,47,0,20160408
금천11-1,201603,117900191,18973,한빛무궁화아파트,0,0,0,0,0,0,0,0,0,0,17,0,45,0,166,2,115,2,62,0,47,1,38,1,37,2,40,0,37,0,42,0,33,0,55,0,43,2,26,0,31,3,12,0,12,0,6,1,20160408
금천11-1,201603,117900190,18974,신흥초등학교,0,0,0,0,0,0,0,0,0,0,2,0,29,0,44,0,23,0,14,1,15,0,9,0,10,0,15,0,12,0,28,2,12,4,26,6,16,4,9,3,6,0,3,0,1,0,3,2,20160408
금천11-1,201603,117900194,18975,시흥아파트앞,0,0,0,0,0,0,0,0,0,0,1,0,1,0,1,2,16,3,15,0,10,2,6,3,2,2,1,2,10,4,2,9,4,9,8,9,5,5,13,5,5,7,1,0,0,4,2,4,20160408
금천11-1,201603,117900196,18976,삼성체육공원.삼성산자연공원,0,0,0,0,0,0,0,0,0,0,2,0,5,5,35,19,16,67,13,30,11,26,6,14,7,18,16,18,13,16,17,42,9,20,6,24,3,28,5,22,2,11,3,8,1,6,0,9,20160408
금천11-1,201603,117900207,18977,시흥5동주민센터,0,0,0,0,0,0,0,0,0,0,4,27,1,10,23,67,67,104,20,72,32,63,23,37,44,40,43,60,26,54,56,65,49,50,68,59,104,82,57,70,45,48,20,12,28,22,12,20,20160408
금천11-1,201603,117900189,18978,금광포란재.백운한비치아파트,0,0,0,0,0,0,0,0,0,0,8,9,12,8,34,12,28,17,17,18,11,20,4,8,22,14,12,11,22,8,13,19,24,21,26,30,30,15,16,10,21,2,9,5,9,3,5,7,20160408
금천11-1,201603,117900065,18573,우방아파트.범일운수종점,0,0,0,0,0,0,0,0,0,0,1,2,5,7,19,69,10,47,4,16,13,15,23,10,27,16,18,13,28,15,61,20,195,23,96,27,76,20,60,25,22,7,51,10,66,5,17,3,20160408
금천11-1,201603,117900124,18865,시흥2동주민센터.동일여고,0,0,0,0,0,0,0,0,0,0,0,0,4,0,31,291,28,14,23,5,13,7,18,2,22,7,18,3,32,7,65,14,143,15,73,10,61,10,49,7,39,5,36,1,25,6,3,0,20160408
금천11-1,201603,117900060,18583,벽산아파트5단지,0,0,0,0,0,0,0,0,0,0,1,1,31,1,291,45,122,36,34,22,18,15,11,32,9,45,9,22,20,49,8,67,13,183,14,75,11,66,16,58,11,37,6,47,3,51,2,20,20160408
금천11-1,201603,117900057,18590,호압사입구,0,0,0,0,0,0,0,0,0,0,2,0,26,41,174,74,102,48,46,58,33,19,32,26,35,34,39,41,48,25,46,35,66,141,59,73,59,92,82,51,52,28,73,35,27,30,33,6,20160408
금천11-1,201603,117900053,18596,벽산1단지입구,0,0,0,0,0,0,0,0,0,0,11,1,24,4,295,10,249,26,89,6,62,10,34,12,56,10,45,9,36,13,23,27,46,34,55,31,48,25,54,48,30,24,33,22,41,24,9,9,20160408
금천11-1,201603,117900048,18639,벽산6단지입구,0,0,0,0,0,0,0,0,0,0,2,0,18,31,63,17,21,3,13,9,10,4,6,12,15,4,17,7,5,5,9,19,9,15,9,12,7,21,9,10,7,12,4,15,4,7,6,4,20160408
금천11-1,201603,117900035,18764,동일여고,0,0,0,0,0,0,0,0,0,0,0,1,3,16,39,226,23,63,2,7,3,5,1,5,4,3,1,4,9,8,5,6,21,9,11,11,7,3,2,4,0,0,7,8,5,0,1,0,20160408
금천11-1,201603,117900032,18786,제일교회,0,0,0,0,0,0,0,0,0,0,0,4,5,9,18,6,27,36,5,20,5,13,7,14,4,15,11,21,20,9,11,14,23,26,16,27,32,27,8,30,4,9,10,20,5,8,2,6,20160408
금천11-1,201603,117900188,18979,관악우방아파트,0,0,0,0,0,0,0,0,0,0,9,2,43,9,109,7,202,26,58,29,58,20,39,9,76,15,54,7,80,19,66,13,125,25,107,22,122,27,76,19,52,14,80,17,126,17,18,7,20160408
금천11-1,201603,117900187,18980,차오름길입구,0,0,0,0,0,0,0,0,0,0,27,2,32,0,37,1,23,15,16,14,11,21,15,10,14,3,10,1,12,4,3,6,10,4,5,5,5,21,2,12,2,2,4,10,3,7,1,1,20160408
금천11-1,201603,117900186,18981,시흥계곡앞,0,0,0,0,0,0,0,0,0,0,35,1,137,7,31,2,66,15,30,5,51,12,23,6,29,7,43,5,19,12,22,8,35,23,30,14,31,22,12,18,8,8,14,18,10,11,0,10,20160408
금천11-1,201603,117900185,18982,영일빌라,0,0,0,0,0,0,0,0,0,0,38,0,73,8,53,10,29,72,46,12,26,15,13,6,15,17,18,21,7,26,10,11,14,27,12,34,17,38,7,24,7,22,10,27,6,19,5,10,20160408
금천11-1,201602,117900193,18857,산기슭공원,0,0,0,0,0,0,0,0,0,0,0,0,0,0,0,0,0,0,0,0,0,0,2,0,2,0,0,0,0,0,0,0,0,0,0,0,0,0,0,0,0,0,0,0,0,0,0,0,20160308
금천11-1,201602,117900192,18972,한울중학교앞,0,0,0,0,0,0,0,0,0,0,0,0,5,0,3,0,8,1,2,0,17,0,1,0,2,0,5,0,12,0,7,0,10,0,0,0,0,0,4,0,0,0,2,0,0,0,0,0,20160308
금천11-1,201602,117900191,18973,한빛무궁화아파트,0,0,0,0,0,0,0,0,0,0,1,0,3,0,2,1,2,0,3,0,2,0,1,0,1,0,1,0,3,0,2,0,0,0,2,0,0,0,2,0,0,0,1,0,2,0,0,0,20160308
금천11-1,201602,117900190,18974,신흥초등학교,0,0,0,0,0,0,0,0,0,0,0,0,0,1,0,0,1,0,0,0,0,0,0,0,0,0,0,0,1,0,1,0,1,0,0,0,0,0,0,0,0,0,0,0,0,0,0,0,20160308
금천11-1,201602,117900194,18975,시흥아파트앞,0,0,0,0,0,0,0,0,0,0,0,0,0,1,0,0,0,0,0,1,0,0,0,0,0,0,0,0,1,0,0,0,0,0,0,0,0,0,0,0,0,0,0,1,0,0,0,0,20160308
금천11-1,201602,117900196,18976,삼성체육공원.삼성산자연공원,0,0,0,0,0,0,0,0,0,0,1,0,0,0,0,0,0,2,0,0,0,3,0,1,0,1,0,0,1,5,0,3,0,1,0,0,1,0,0,0,0,0,0,0,0,0,0,0,20160308
금천11-1,201602,117900207,18977,시흥5동주민센터,0,0,0,0,0,0,0,0,0,0,0,0,0,0,0,2,1,5,1,2,1,7,0,2,3,3,1,3,0,3,1,1,4,2,1,1,4,2,2,0,5,0,0,0,1,0,0,1,20160308
금천11-1,201602,117900189,18978,금광포란재.백운한비치아파트,0,0,0,0,0,0,0,0,0,0,1,0,0,0,0,0,2,0,1,1,0,1,0,0,1,0,2,1,2,4,0,0,1,2,0,0,0,0,1,2,0,2,0,0,0,1,0,0,20160308
금천11-1,201602,117900065,18573,우방아파트.범일운수종점,0,0,0,0,0,0,0,0,0,0,0,0,0,1,1,0,1,1,0,0,1,1,1,3,1,0,0,0,1,0,0,0,1,1,1,1,5,0,1,3,1,0,0,0,0,0,0,0,20160308
금천11-1,201602,117900124,18865,시흥2동주민센터.동일여고,0,0,0,0,0,0,0,0,0,0,0,0,0,0,1,0,0,0,0,0,0,0,2,0,0,0,1,0,0,0,2,0,2,1,0,0,1,0,1,0,2,0,0,0,1,0,0,0,20160308
금천11-1,201602,117900060,18583,벽산아파트5단지,0,0,0,0,0,0,0,0,0,0,0,0,1,0,2,1,1,0,0,0,0,0,1,2,4,1,3,0,1,0,0,2,0,1,0,0,0,5,0,1,1,1,1,0,1,0,0,0,20160308
금천11-1,201602,117900057,18590,호압사입구,0,0,0,0,0,0,0,0,0,0,0,0,0,0,0,1,2,0,0,0,1,0,0,1,0,0,1,0,1,0,0,0,1,2,1,2,2,1,2,3,0,1,1,1,2,1,0,0,20160308
금천11-1,201602,117900053,18596,벽산1단지입구,0,0,0,0,0,0,0,0,0,0,0,0,1,0,0,0,0,1,1,1,1,1,3,1,0,0,2,0,2,0,0,0,7,3,1,0,1,0,5,0,1,0,4,1,0,0,1,0,20160308
금천11-1,201602,117900048,18639,벽산6단지입구,0,0,0,0,0,0,0,0,0,0,0,0,0,0,0,0,0,0,0,0,0,0,0,0,0,0,0,0,0,0,1,0,0,0,0,0,0,0,0,0,1,1,0,1,0,0,0,0,20160308
금천11-1,201602,117900035,18764,동일여고,0,0,0,0,0,0,0,0,0,0,0,0,0,0,0,1,0,0,0,0,0,0,0,0,0,0,0,2,0,0,0,0,1,2,0,0,0,0,0,0,0,0,0,1,0,0,0,0,20160308
금천11-1,201602,117900032,18786,제일교회,0,0,0,0,0,0,0,0,0,0,0,0,0,0,0,0,0,0,0,0,1,0,0,2,0,0,0,3,0,1,0,0,0,4,0,1,1,1,2,1,0,0,0,2,0,0,0,0,20160308
금천11-1,201602,117900057,18590,호압사입구,0,0,0,0,0,0,0,0,0,0,0,0,0,0,0,1,2,4,0,0,1,1,0,1,0,0,0,1,2,1,0,1,3,1,5,5,0,2,4,2,0,1,1,0,1,0,0,0,20160308
금천11-1,201602,117900053,18596,벽산1단지입구,2,0,0,0,0,0,0,0,0,0,0,0,1,1,1,0,3,2,2,0,1,0,1,0,0,0,1,1,0,0,0,0,1,0,4,0,1,0,4,2,4,0,0,0,0,2,0,0,20160308
금천11-1,201602,117900048,18639,벽산6단지입구,0,0,0,0,0,0,0,0,0,0,0,0,0,0,0,0,0,0,0,0,0,0,0,0,0,0,0,0,0,0,1,0,0,0,0,1,0,0,0,0,1,0,0,0,0,1,0,0,20160308
금천11-1,201602,117900035,18764,동일여고,0,0,0,0,0,0,0,0,0,0,0,0,0,2,0,0,0,0,0,1,0,0,0,0,0,0,2,2,0,0,0,0,0,0,0,3,0,0,0,1,0,0,0,0,0,0,0,0,20160308
금천11-1,201602,117900174,18959,백운한비치.금광포란재아파트,0,1,0,0,0,0,0,0,0,0,0,0,0,0,2,2,1,4,1,1,2,1,2,1,1,2,0,0,0,1,0,3,0,0,0,5,0,0,0,3,2,0,0,2,0,0,0,0,20160308
금천11-1,201602,117900173,18960,시흥5동주민센터,1,0,0,0,0,0,0,0,0,0,0,0,1,0,0,0,1,0,1,0,0,1,2,0,8,1,4,0,4,3,0,3,5,2,1,3,2,1,2,0,3,5,3,0,2,0,2,0,20160308
금천11-1,201602,117900172,18961,삼성산자연공원.삼성체육공원,0,0,0,0,0,0,0,0,0,0,0,0,0,0,0,0,0,0,0,0,0,0,0,2,1,1,0,0,0,0,0,1,0,0,0,0,0,0,0,0,0,0,0,1,0,0,0,0,20160308
금천11-1,201602,117900188,18979,관악우방아파트,0,0,0,0,0,0,0,0,0,0,0,0,1,1,1,0,10,0,3,0,0,0,3,1,0,0,4,0,2,0,0,0,3,1,2,0,0,1,1,4,3,0,4,0,3,1,0,0,20160308
금천11-1,201602,117900187,18980,차오름길입구,0,0,0,0,0,0,0,0,0,0,0,0,2,0,1,0,0,0,0,0,0,0,0,0,0,0,0,1,0,0,0,1,1,0,0,0,0,0,0,0,0,0,0,0,0,0,0,0,20160308
금천11-1,201602,117900186,18981,시흥계곡앞,0,0,0,0,0,0,0,0,0,0,1,0,1,0,3,0,6,0,2,0,2,0,0,0,0,0,1,1,1,0,1,0,1,0,0,0,1,0,1,0,0,0,0,0,0,1,0,0,20160308
금천11-1,201602,117900185,18982,영일빌라,0,0,0,0,0,0,0,0,0,0,1,0,3,0,4,0,1,1,0,1,0,0,0,0,0,0,1,4,0,0,1,0,0,0,1,3,2,0,1,1,0,1,0,1,0,1,0,1,20160308
금천11-1,201602,117900195,18983,백산초등학교,0,0,0,0,0,0,0,0,0,0,0,0,0,0,0,0,0,0,0,0,0,3,0,0,0,1,0,4,0,0,3,1,0,2,0,1,0,0,0,0,0,0,0,0,0,0,0,0,20160308
금천11-1,201602,117900184,18984,금천고등학교,0,0,0,0,0,0,0,0,0,0,0,0,0,0,1,1,0,2,0,1,0,1,0,0,0,0,0,2,1,1,0,1,0,2,0,1,0,0,0,0,0,0,0,0,0,3,0,1,20160308
금천11-1,201602,117900183,18985,시흥3동공영주차장앞,0,0,0,0,0,0,0,0,0,0,1,1,0,1,2,1,5,6,0,2,4,2,0,1,0,0,0,0,0,3,2,2,1,1,2,2,0,2,1,2,0,3,0,4,0,1,0,0,20160308
금천11-1,201602,117900182,18987,기아대교앞,0,0,0,0,0,0,0,0,0,0,0,0,0,2,0,0,0,1,0,0,0,2,0,0,0,1,0,1,0,0,0,1,0,0,0,1,0,2,0,0,0,1,0,1,0,0,0,0,20160308
금천11-1,201602,117900181,18988,석수역,0,0,0,0,0,0,0,0,0,0,0,3,0,10,0,14,0,18,0,2,0,6,1,4,0,2,1,7,0,3,1,9,1,1,1,6,1,4,2,8,0,7,0,1,1,1,1,0,20160308
금천11-1,201602,117900180,18989,석수역,0,0,0,0,0,0,0,0,0,0,0,0,0,0,3,0,5,1,1,1,1,0,0,0,4,0,3,0,5,0,7,0,6,0,13,0,14,1,17,0,0,0,10,0,1,0,3,0,20160308
금천11-1,201602,117000083,18169,기아대교앞,0,0,0,0,0,0,0,0,0,0,0,0,0,0,0,0,0,0,0,0,0,0,0,0,0,0,0,1,0,0,0,0,0,0,1,0,0,1,0,0,0,0,0,0,0,0,0,0,20160308
금천11-1,201602,117900030,18789,시흥3동주민센터앞,0,0,0,0,0,0,0,0,0,0,0,0,0,0,1,1,2,1,0,0,0,0,3,0,1,0,4,0,1,1,2,2,4,1,5,2,1,1,4,2,0,0,2,1,0,0,0,0,20160308
금천11-1,201602,117000081,18167,박미마을,0,0,0,0,0,0,0,0,0,0,0,0,0,0,0,0,3,0,1,0,2,0,3,0,1,1,0,0,3,0,3,0,2,2,1,0,4,2,2,1,2,0,3,0,0,0,4,0,20160308
금천11-1,201602,117900178,18967,금천폭포공원,0,0,0,0,0,0,0,0,0,0,0,0,1,0,0,0,1,0,1,2,1,0,0,0,0,0,1,1,2,1,0,0,4,0,4,0,0,2,2,2,0,1,0,2,2,0,0,0,20160308
금천11-1,201602,117900177,18968,영일빌라,0,0,0,0,0,0,0,0,0,0,0,0,0,0,1,0,3,1,0,0,1,0,0,1,0,0,0,0,1,1,0,0,0,0,0,2,3,1,0,2,1,0,0,1,0,0,0,1,20160308
금천11-1,201602,117900176,18969,시흥계곡앞,0,0,0,0,0,0,0,0,0,0,0,0,0,0,0,0,3,0,0,0,0,0,0,0,0,0,0,3,0,0,0,1,0,3,0,0,0,1,1,1,0,0,0,2,0,0,0,1,20160308
금천11-1,201602,117900175,18970,차오름길입구,0,0,0,0,0,0,0,0,0,0,0,0,0,0,0,0,0,0,0,1,0,0,0,0,0,0,0,0,0,0,1,2,0,0,0,1,0,2,0,2,0,0,0,0,0,0,0,2,20160308
금천11-1,201602,117900065,18573,우방아파트.범일운수종점,0,0,0,0,0,0,0,0,0,0,0,0,0,0,0,1,3,2,0,0,0,3,3,0,2,1,3,2,1,1,1,2,0,5,1,5,2,0,0,7,1,1,2,0,0,0,0,0,20160308
금천11-1,201602,117900124,18865,시흥2동주민센터.동일여고,0,0,0,0,0,0,0,0,0,0,0,0,0,0,0,0,0,1,0,0,0,0,4,2,0,0,0,0,0,0,1,0,0,0,1,0,2,0,0,0,0,1,0,1,0,0,0,0,20160308
금천11-1,201602,117900060,18583,벽산아파트5단지,0,0,0,0,0,0,0,0,0,0,0,0,1,0,0,2,1,4,0,0,1,0,0,4,0,0,0,0,0,0,0,1,1,2,0,3,0,8,0,0,0,1,0,0,0,0,0,0,20160308
금천11-1,201602,117900171,18962,시흥아파트앞,0,0,0,0,0,0,0,0,0,0,0,0,0,0,0,0,0,0,0,1,0,0,0,0,1,0,0,2,0,0,0,0,0,0,0,1,0,0,0,0,0,0,0,4,0,0,0,0,20160308
금천11-1,201602,117900170,18963,신흥초등학교,0,0,0,0,0,0,0,0,0,0,0,0,0,0,0,1,0,0,0,0,0,1,0,0,0,0,0,1,0,0,0,0,0,0,0,1,0,3,0,0,0,1,0,0,0,1,0,2,20160308
금천11-1,201602,117900169,18964,한빛무궁화아파트,0,0,0,0,0,0,0,0,0,0,0,0,0,0,0,0,1,0,0,1,0,1,1,2,0,4,0,1,0,0,0,2,0,4,0,0,0,1,0,3,0,3,0,2,0,5,0,0,20160308
금천11-1,201602,117000276,18740,한울중학교앞,0,1,0,0,0,0,0,0,0,0,2,0,0,1,0,1,0,3,0,2,0,2,3,1,0,8,0,2,0,3,0,4,0,4,3,1,1,4,0,7,3,5,0,1,0,1,2,0,20160308
금천11-1,201602,117900193,18857,산기슭공원,0,1,0,0,0,0,0,0,0,0,0,0,0,0,0,0,0,3,0,0,0,0,0,0,0,2,0,1,0,3,0,0,0,1,0,0,0,0,0,1,0,1,0,0,0,0,0,0,20160308
