기간,자치구,합계,합계,합계,합계,승용차,승용차,승용차,승용차,승합차,승합차,승합차,승합차,화물차,화물차,화물차,화물차,특수차,특수차,특수차,특수차,이륜차,이륜차,이륜차
기간,자치구,소계,관용,자가용,영업용,소계,관용,자가용,영업용,소계,관용,자가용,영업용,소계,관용,자가용,영업용,소계,관용,자가용,영업용,소계,관용,자가용
2016.01,서울시,"3,063,247","11,140","2,856,048","196,059","2,567,306","4,070","2,444,940","118,296","141,558","3,026","121,467","17,065","347,585","3,695","287,767","56,123","6,798",349,"1,874","4,575","452,718","4,740","447,978"
2016.01,종로구,"50,039","3,686","44,766","1,587","39,773","1,866","37,462",445,"4,154","1,365","2,451",338,"5,931",372,"4,828",731,181,83,25,73,"13,579",326,"13,253"
2016.01,중구,"52,885",992,"47,658","4,235","41,582",245,"39,137","2,200","3,765",545,"2,854",366,"7,374",186,"5,611",1577,164,16,56,92,14685,253,14432
2016.01,용산구,76260,344,73874,2042,65457,135,64245,1077,3096,50,2997,49,7576,146,6554,876,131,13,78,40,16535,225,16310
2016.01,성동구,96074,263,87835,7976,80495,77,74717,5701,4075,33,3489,553,11333,144,9574,1615,171,9,55,107,20208,120,20088
2016.01,광진구,96380,264,90772,5344,79748,67,76926,2755,4594,41,3892,661,11775,149,9939,1687,263,7,15,241,18765,194,18571
2016.01,동대문구,96830,265,90717,5848,77916,79,74817,3020,4836,52,4490,294,13876,123,11375,2378,202,11,35,156,24196,244,23952
2016.01,중랑구,110463,186,100829,9448,88485,41,82483,5961,5854,31,5304,519,15803,98,12985,2720,321,16,57,248,24524,99,24425
2016.01,성북구,116802,218,111099,5485,98576,63,95887,2626,6357,29,5220,1108,11759,116,9966,1677,110,10,26,74,26352,164,26188
2016.01,강북구,75829,279,70702,4848,61523,85,58679,2759,4716,47,3894,775,9466,129,8095,1242,124,18,34,72,21846,74,21772
2016.01,도봉구,96228,231,88249,7748,80337,58,74846,5433,4642,41,4156,445,11062,126,9207,1729,187,6,40,141,14789,158,14631
2016.01,노원구,154866,250,144851,9765,133329,53,126662,6614,7012,46,6113,853,14247,143,12026,2078,278,8,50,220,15268,96,15172
2016.01,은평구,126779,220,119607,6952,106082,63,101936,4083,6431,35,5609,787,14054,114,12023,1917,212,8,39,165,21176,143,21033
2016.01,서대문구,82935,408,77517,5010,69907,162,67033,2712,4013,74,3547,392,8882,160,6907,1815,133,12,30,91,14831,168,14663
2016.01,마포구,117019,271,109240,7508,98092,58,94051,3983,5365,46,4526,793,13215,151,10568,2496,347,16,95,236,17728,177,17551
2016.01,양천구,150181,296,140634,9251,126261,107,121175,4979,6773,49,5534,1190,16666,131,13823,2712,481,9,102,370,17758,143,17615
2016.01,강서구,191400,293,176414,14693,160676,81,150407,10188,8864,40,7388,1436,21551,161,18520,2870,309,11,99,199,18466,163,18303
2016.01,구로구,138474,216,127485,10773,113175,51,106100,7024,7245,48,6180,1017,17812,107,15114,2591,242,10,91,141,16464,59,16405
2016.01,금천구,83020,121,75050,7849,64734,25,59811,4898,4735,10,4250,475,13428,84,10950,2394,123,2,39,82,11782,194,11588
2016.01,영등포구,146217,299,135770,10148,118013,89,113128,4796,6474,42,6005,427,20733,153,16271,4309,997,15,366,616,16933,225,16708
2016.01,동작구,102336,268,99286,2782,88608,70,87336,1202,4060,47,3898,115,9302,139,7973,1190,366,12,79,275,15273,214,15059
2016.01,관악구,121161,255,115109,5797,101893,61,98510,3322,5738,35,5411,292,13315,149,11156,2010,215,10,32,173,24681,285,24396
2016.01,서초구,178990,623,168030,10337,154598,286,150098,4214,6223,149,5247,827,17852,173,12548,5131,317,15,137,165,14234,277,13957
2016.01,강남구,244925,342,224024,20559,215764,102,198726,16936,7796,51,6769,976,21007,171,18363,2473,358,18,166,174,17250,349,16901
2016.01,송파구,219246,333,207313,11600,186990,94,180909,5987,8642,86,6892,1664,23318,145,19427,3746,296,8,85,203,18417,239,18178
2016.01,강동구,137908,217,129217,8474,115292,52,109859,5381,6098,34,5351,713,16248,125,13964,2159,270,6,43,221,16965,151,16814
2016.01,기타,-,-,-,-,-,-,-,-,-,-,-,-,-,-,-,-,-,-,-,-,13,-,13
2016.02,서울시,3063683,11009,2857121,195553,2568691,3952,2446832,117907,140873,3016,120914,16943,347280,3691,287497,56092,6839,350,1878,4611,452082,4736,447346
2016.02,종로구,49771,3554,44635,1582,39699,1744,37506,449,4133,1358,2437,338,5761,370,4665,726,178,82,27,69,13566,326,13240
2016.02,중구,52626,992,47612,4022,41324,245,39088,1991,3736,546,2825,365,7401,185,5643,1573,165,16,56,93,14685,252,14433
2016.02,용산구,76139,342,73759,2038,65401,135,64192,1074,3081,49,2981,51,7528,145,6509,874,129,13,77,39,16503,225,16278
2016.02,성동구,96148,263,87676,8209,80608,77,74598,5933,4050,33,3462,555,11319,144,9562,1613,171,9,54,108,20171,120,20051
2016.02,광진구,96619,266,90737,5616,80020,69,76924,3027,4581,41,3871,669,11753,149,9927,1677,265,7,15,243,18699,192,18507
2016.02,동대문구,96861,267,90751,5843,77943,80,74842,3021,4813,52,4478,283,13899,123,11395,2381,206,12,36,158,24170,244,23926
2016.02,중랑구,110560,186,100922,9452,88593,41,82586,5966,5835,31,5283,521,15809,98,12996,2715,323,16,57,250,24450,99,24351
2016.02,성북구,116858,218,111117,5523,98671,63,95944,2664,6329,29,5188,1112,11747,116,9958,1673,111,10,27,74,26313,164,26149
2016.02,강북구,75904,278,70783,4843,61627,85,58786,2756,4690,47,3870,773,9463,129,8092,1242,124,17,35,72,21825,74,21751
2016.02,도봉구,96167,230,88183,7754,80304,57,74808,5439,4622,41,4133,448,11053,126,9202,1725,188,6,40,142,14750,157,14593
2016.02,노원구,155056,250,145030,9776,133526,53,126876,6597,6980,46,6078,856,14269,143,12024,2102,281,8,52,221,15289,96,15193
2016.02,은평구,126896,219,119724,6953,106241,63,102096,4082,6407,35,5585,787,14034,113,12001,1920,214,8,42,164,21173,143,21030
2016.02,서대문구,83293,406,77864,5023,70276,162,67394,2720,4008,73,3542,393,8871,160,6895,1816,138,11,33,94,14864,168,14696
2016.02,마포구,117165,269,109359,7537,98279,59,94192,4028,5318,45,4488,785,13220,149,10585,2486,348,16,94,238,17695,178,17517
2016.02,양천구,150092,296,140655,9141,126258,107,121219,4932,6694,49,5516,1129,16654,131,13821,2702,486,9,99,378,17743,143,17600
2016.02,강서구,191177,296,176169,14712,160498,82,150217,10199,8822,41,7352,1429,21551,162,18500,2889,306,11,100,195,18481,162,18319
2016.02,구로구,138354,218,127620,10516,113101,51,106249,6801,7207,48,6173,986,17802,109,15106,2587,244,10,92,142,16484,59,16425
2016.02,금천구,83230,123,75293,7814,64878,24,59997,4857,4734,11,4249,474,13495,86,11010,2399,123,2,37,84,11772,194,11578
2016.02,영등포구,146791,299,136318,10174,118584,89,113678,4817,6518,42,6040,436,20690,152,16235,4303,999,16,365,618,16907,225,16682
2016.02,동작구,102426,270,99371,2785,88731,70,87453,1208,4034,47,3871,116,9292,139,7968,1185,369,14,79,276,15211,214,14997
2016.02,관악구,121314,255,115253,5806,102062,61,98676,3325,5720,35,5394,291,13307,149,11149,2009,225,10,34,181,24628,285,24343
2016.02,서초구,178945,620,168020,10305,154588,285,150105,4198,6221,148,5245,828,17818,172,12536,5110,318,15,134,169,14216,277,13939
2016.02,강남구,244252,342,223879,20031,215216,103,198676,16437,7696,50,6704,942,20982,171,18336,2475,358,18,163,177,17199,349,16850
2016.02,송파구,219198,330,207237,11631,186991,93,180883,6015,8573,85,6822,1666,23332,144,19444,3744,302,8,88,206,18376,239,18137
2016.02,강동구,137841,220,129154,8467,115272,54,109847,5371,6071,34,5327,710,16230,126,13938,2166,268,6,42,220,16899,151,16748
2016.02,기타,-,-,-,-,-,-,-,-,-,-,-,-,-,-,-,-,-,-,-,-,13,-,13
2016.03,서울시,3066050,11063,2859611,195376,2571990,3956,2450193,117841,140191,3026,120273,16892,346943,3733,287229,55981,6926,348,1916,4662,452470,4733,447737
2016.03,종로구,49666,3542,44528,1596,39632,1735,37436,461,4112,1359,2418,335,5745,366,4649,730,177,82,25,70,13398,324,13074
2016.03,중구,52524,987,47594,3943,41206,245,39049,1912,3746,545,2829,372,7399,181,5652,1566,173,16,64,93,14900,253,14647
2016.03,용산구,76098,346,73732,2020,65425,134,64225,1066,3069,49,2970,50,7474,150,6457,867,130,13,80,37,16544,225,16319
2016.03,성동구,96158,263,87760,8135,80664,79,74731,5854,4009,33,3426,550,11315,142,9552,1621,170,9,51,110,20144,119,20025
2016.03,광진구,96734,269,90901,5564,80187,70,77121,2996,4557,43,3842,672,11724,149,9919,1656,266,7,19,240,18708,191,18517
2016.03,동대문구,96947,269,90852,5826,78058,82,74955,3021,4786,54,4463,269,13895,121,11397,2377,208,12,37,159,24253,244,24009
2016.03,중랑구,110726,188,101089,9449,88750,42,82742,5966,5797,32,5243,522,15849,98,13043,2708,330,16,61,253,24432,100,24332
2016.03,성북구,116890,221,111134,5535,98752,65,96007,2680,6314,30,5165,1119,11712,116,9935,1661,112,10,27,75,26365,164,26201
2016.03,강북구,76033,282,70899,4852,61791,86,58941,2764,4651,47,3832,772,9463,132,8089,1242,128,17,37,74,21864,76,21788
2016.03,도봉구,96235,228,88241,7766,80373,56,74860,5457,4606,39,4118,449,11069,127,9222,1720,187,6,41,140,14694,156,14538
2016.03,노원구,155230,252,145221,9757,133736,53,127119,6564,6934,48,6028,858,14273,143,12022,2108,287,8,52,227,15259,95,15164
2016.03,은평구,126983,222,119809,6952,106330,63,102176,4091,6396,35,5573,788,14040,116,12018,1906,217,8,42,167,21159,143,21016
2016.03,서대문구,83699,406,78280,5013,70705,161,67829,2715,3987,73,3523,391,8868,161,6893,1814,139,11,35,93,14939,167,14772
2016.03,마포구,117271,276,109487,7508,98406,60,94332,4014,5294,46,4472,776,13226,154,10590,2482,345,16,93,236,17678,178,17500
2016.03,양천구,150018,307,140573,9138,126269,107,121242,4920,6649,49,5466,1134,16609,142,13768,2699,491,9,97,385,17717,141,17576
2016.03,강서구,191672,295,176634,14743,161011,81,150706,10224,8788,41,7323,1424,21565,162,18504,2899,308,11,101,196,18466,162,18304
2016.03,구로구,138898,224,127915,10759,113670,55,106541,7074,7187,50,6179,958,17790,110,15094,2586,251,9,101,141,16515,59,16456
2016.03,금천구,83320,121,75474,7725,64986,24,60186,4776,4729,11,4245,473,13475,84,11000,2391,130,2,43,85,11787,196,11591
2016.03,영등포구,147513,306,137052,10155,119330,89,114423,4818,6511,42,6032,437,20668,160,16228,4280,1004,15,369,620,16893,226,16667
2016.03,동작구,102647,279,99545,2823,88949,71,87670,1208,4015,47,3852,116,9291,148,7943,1200,392,13,80,299,15221,214,15007
2016.03,관악구,121381,254,115343,5784,102108,61,98725,3322,5717,35,5391,291,13330,148,11191,1991,226,10,36,180,24693,285,24408
2016.03,서초구,178642,624,167709,10309,154360,285,149875,4200,6196,151,5209,836,17763,173,12489,5101,323,15,136,172,14276,277,13999
2016.03,강남구,243718,354,223553,19811,214883,107,198542,16234,7595,49,6616,930,20882,179,18235,2468,358,19,160,179,17248,348,16900
2016.03,송파구,219311,330,207232,11749,187160,93,180939,6128,8521,85,6774,1662,23332,144,19434,3754,298,8,85,205,18448,239,18209
2016.03,강동구,137736,218,129054,8464,115249,52,109821,5376,6025,33,5284,708,16186,127,13905,2154,276,6,44,226,16856,151,16705
2016.03,기타,-,-,-,-,-,-,-,-,-,-,-,-,-,-,-,-,-,-,-,-,13,-,13
2016.04,서울시,3069594,11155,2863211,195228,2576104,4006,2454289,117809,139645,3043,119719,16883,346846,3760,287232,55854,6999,346,1971,4682,453174,4724,448450
2016.04,종로구,49686,3546,44540,1600,39647,1738,37452,457,4107,1360,2412,335,5756,366,4651,739,176,82,25,69,13400,324,13076
2016.04,중구,52655,997,47743,3915,41258,253,39131,1874,3756,547,2827,382,7471,182,5722,1567,170,15,63,92,14953,251,14702
2016.04,용산구,76082,349,73700,2033,65388,137,64170,1081,3052,50,2949,53,7517,150,6504,863,125,12,77,36,16605,223,16382
2016.04,성동구,96625,266,87899,8460,81134,80,74922,6132,4027,34,3387,606,11293,143,9538,1612,171,9,52,110,20191,118,20073
2016.04,광진구,96855,277,90990,5588,80289,71,77192,3026,4557,43,3841,673,11742,156,9936,1650,267,7,21,239,18726,191,18535
2016.04,동대문구,97059,271,90964,5824,78199,83,75084,3032,4738,56,4430,252,13911,121,11411,2379,211,11,39,161,24323,242,24081
2016.04,중랑구,111138,190,101399,9549,89124,42,83028,6054,5788,32,5229,527,15884,100,13075,2709,342,16,67,259,24388,100,24288
2016.04,성북구,116923,228,111178,5517,98866,69,96131,2666,6296,31,5149,1116,11649,118,9871,1660,112,10,27,75,26402,164,26238
2016.04,강북구,76229,285,71082,4862,61972,86,59093,2793,4635,48,3815,772,9489,134,8134,1221,133,17,40,76,21857,76,21781
2016.04,도봉구,96487,234,88521,7732,80592,57,75102,5433,4617,40,4130,447,11094,131,9250,1713,184,6,39,139,14632,156,14476
2016.04,노원구,155582,254,145605,9723,134064,53,127485,6526,6928,48,6018,862,14302,144,12048,2110,288,9,54,225,15323,95,15228
2016.04,은평구,127023,227,119918,6878,106449,66,102360,4023,6362,35,5538,789,13990,117,11977,1896,222,9,43,170,21198,143,21055
2016.04,서대문구,84076,405,78591,5080,71069,162,68131,2776,4008,73,3542,393,8857,159,6882,1816,142,11,36,95,14955,167,14788
2016.04,마포구,117262,280,109511,7471,98534,65,94418,4051,5217,46,4452,719,13173,153,10546,2474,338,16,95,227,17638,178,17460
2016.04,양천구,150003,309,140580,9114,126351,112,121341,4898,6583,51,5400,1132,16573,137,13741,2695,496,9,98,389,17759,141,17618
2016.04,강서구,191921,298,176832,14791,161306,82,150975,10249,8760,41,7258,1461,21539,164,18499,2876,316,11,100,205,18524,162,18362
2016.04,구로구,139036,229,128185,10622,113801,56,106779,6966,7152,50,6185,917,17831,114,15121,2596,252,9,100,143,16524,57,16467
2016.04,금천구,83424,124,75688,7612,65101,24,60410,4667,4716,11,4234,471,13479,87,11003,2389,128,2,41,85,11852,196,11656
2016.04,영등포구,148021,301,137515,10205,119779,90,114864,4825,6485,41,6000,444,20700,155,16237,4308,1057,15,414,628,16882,227,16655
2016.04,동작구,102840,278,99763,2799,89212,74,87927,1211,3996,47,3833,116,9239,143,7922,1174,393,14,81,298,15298,214,15084
2016.04,관악구,121522,260,115466,5796,102275,62,98872,3341,5708,35,5382,291,13317,153,11176,1988,222,10,36,176,24696,285,24411
2016.04,서초구,179012,627,167990,10395,154776,287,150209,4280,6165,151,5168,846,17742,174,12475,5093,329,15,138,176,14372,277,14095
2016.04,강남구,243350,356,223405,19589,214568,109,198427,16032,7552,49,6584,919,20874,180,18236,2458,356,18,158,180,17272,348,16924
2016.04,송파구,219322,343,207372,11607,187255,95,181134,6026,8474,90,6732,1652,23295,150,19423,3722,298,8,83,207,18556,239,18317
2016.04,강동구,137461,221,128774,8466,115095,53,109652,5390,5966,34,5224,708,16129,129,13854,2146,271,5,44,222,16835,150,16685
2016.04,기타,-,-,-,-,-,-,-,-,-,-,-,-,-,-,-,-,-,-,-,-,13,-,13
2016.05,서울시,3073263,11150,2866614,195499,2580688,3973,2458493,118222,139073,3048,119180,16845,346452,3785,286910,55757,7050,344,2031,4675,453908,4714,449194
2016.05,종로구,49614,3558,44450,1606,39599,1743,37393,463,4092,1366,2391,335,5745,367,4639,739,178,82,27,69,13471,323,13148
2016.05,중구,52513,990,47634,3889,41155,246,39041,1868,3729,546,2815,368,7459,183,5714,1562,170,15,64,91,14975,251,14724
2016.05,용산구,76052,365,73625,2062,65360,139,64121,1100,3056,51,2953,52,7504,163,6471,870,132,12,80,40,16627,222,16405
2016.05,성동구,96850,270,88155,8425,81400,84,75178,6138,3977,34,3382,561,11297,143,9541,1613,176,9,54,113,20225,117,20108
2016.05,광진구,96926,277,91060,5589,80400,71,77309,3020,4541,43,3817,681,11721,156,9914,1651,264,7,20,237,18730,192,18538
2016.05,동대문구,97164,268,91061,5835,78364,82,75247,3035,4722,57,4411,254,13864,120,11360,2384,214,9,43,162,24331,239,24092
2016.05,중랑구,111358,190,101664,9504,89416,42,83329,6045,5752,32,5193,527,15851,100,13081,2670,339,16,61,262,24439,100,24339
2016.05,성북구,116910,230,111168,5512,98945,69,96211,2665,6246,32,5098,1116,11606,119,9832,1655,113,10,27,76,26467,164,26303
2016.05,강북구,76316,279,71190,4847,62056,81,59200,2775,4626,47,3802,777,9505,134,8151,1220,129,17,37,75,21874,76,21798
2016.05,도봉구,96643,236,88676,7731,80791,58,75291,5442,4601,40,4120,441,11067,132,9224,1711,184,6,41,137,14668,154,14514
2016.05,노원구,155897,255,145879,9763,134363,53,127802,6508,6941,48,5971,922,14303,145,12051,2107,290,9,55,226,15384,94,15290
2016.05,은평구,127234,226,120125,6883,106706,64,102603,4039,6335,35,5511,789,13972,118,11967,1887,221,9,44,168,21237,142,21095
2016.05,서대문구,84165,409,78686,5070,71147,161,68218,2768,4008,76,3542,390,8868,161,6891,1816,142,11,35,96,14959,167,14792
2016.05,마포구,117248,281,109517,7450,98598,65,94495,4038,5203,46,4433,724,13117,154,10495,2468,330,16,94,220,17677,178,17499
2016.05,양천구,150120,306,140754,9060,126532,110,121521,4901,6553,50,5395,1108,16539,137,13741,2661,496,9,97,390,17750,141,17609
2016.05,강서구,192572,294,177437,14841,161972,82,151603,10287,8747,39,7244,1464,21541,162,18489,2890,312,11,101,200,18508,161,18347
2016.05,구로구,139942,232,128514,11196,114689,56,107090,7543,7141,50,6185,906,17856,117,15138,2601,256,9,101,146,16486,57,16429
2016.05,금천구,83511,123,75839,7549,65186,24,60559,4603,4704,11,4221,472,13488,86,11013,2389,133,2,46,85,11841,196,11645
2016.05,영등포구,148288,299,137808,10181,120090,91,115189,4810,6443,40,5951,452,20658,153,16212,4293,1097,15,456,626,16889,227,16662
2016.05,동작구,103101,275,100029,2797,89517,74,88230,1213,3996,47,3833,116,9194,140,7884,1170,394,14,82,298,15314,214,15100
2016.05,관악구,121718,271,115627,5820,102500,63,99063,3374,5673,35,5348,290,13324,163,11180,1981,221,10,36,175,24784,285,24499
2016.05,서초구,179154,596,168239,10319,155101,258,150517,4326,6140,150,5148,842,17591,173,12438,4980,322,15,136,171,14510,277,14233
2016.05,강남구,243014,358,223276,19380,214356,109,198415,15832,7481,50,6525,906,20822,181,18179,2462,355,18,157,180,17334,348,16986
2016.05,송파구,219784,343,207716,11725,187619,95,181463,6061,8448,90,6709,1649,23409,150,19453,3806,308,8,91,209,18613,239,18374
2016.05,강동구,137169,219,128485,8465,114826,53,109405,5368,5918,33,5182,703,16151,128,13852,2171,274,5,46,223,16802,150,16652
2016.05,기타,-,-,-,-,-,-,-,-,-,-,-,-,-,-,-,-,-,-,-,-,13,-,13
2016.06,서울시,3079041,11286,2871808,195947,2587394,4015,2464863,118516,138491,3153,118528,16810,346071,3778,286368,55925,7085,340,2049,4696,454437,4733,449704
2016.06,종로구,49645,3624,44414,1607,39641,1769,37409,463,4131,1409,2386,336,5696,364,4593,739,177,82,26,69,13478,327,13151
2016.06,중구,52434,1041,47524,3869,41089,250,39005,1834,3765,591,2789,385,7411,185,5667,1559,169,15,63,91,15043,250,14793
2016.06,용산구,76019,365,73594,2060,65361,139,64121,1101,3042,50,2936,56,7484,164,6456,864,132,12,81,39,16647,222,16425
2016.06,성동구,97688,272,88781,8635,82212,84,75777,6351,3962,34,3372,556,11333,145,9576,1612,181,9,56,116,20244,117,20127
2016.06,광진구,97074,278,91195,5601,80575,72,77480,3023,4518,43,3793,682,11718,156,9903,1659,263,7,19,237,18733,204,18529
2016.06,동대문구,97396,271,91241,5884,78639,81,75474,3084,4697,58,4390,249,13844,123,11334,2387,216,9,43,164,24295,237,24058
2016.06,중랑구,111629,191,101924,9514,89693,43,83618,6032,5742,32,5180,530,15853,100,13064,2689,341,16,62,263,24508,100,24408
2016.06,성북구,116960,230,111210,5520,99025,68,96291,2666,6216,32,5068,1116,11602,120,9823,1659,117,10,28,79,26460,165,26295
2016.06,강북구,76518,282,71339,4897,62293,83,59396,2814,4606,46,3783,777,9484,136,8121,1227,135,17,39,79,21919,76,21843
2016.06,도봉구,96837,230,88871,7736,81014,54,75516,5444,4572,40,4097,435,11066,130,9217,1719,185,6,41,138,14730,156,14574
2016.06,노원구,156211,257,146184,9770,134722,55,128172,6495,6903,48,5927,928,14298,145,12033,2120,288,9,52,227,15369,93,15276
2016.06,은평구,127468,226,120346,6896,107018,65,102915,4038,6312,36,5487,789,13919,117,11900,1902,219,8,44,167,21219,131,21088
2016.06,서대문구,84465,432,78789,5244,71457,172,68355,2930,3991,86,3511,394,8877,163,6887,1827,140,11,36,93,15021,167,14854
2016.06,마포구,117405,278,109573,7554,98818,64,94647,4107,5165,46,4391,728,13097,152,10444,2501,325,16,91,218,17667,177,17490
2016.06,양천구,150641,303,141193,9145,127028,110,121974,4944,6547,50,5386,1111,16564,135,13734,2695,502,8,99,395,17714,141,17573
2016.06,강서구,193200,283,178108,14809,162572,79,152265,10228,8735,39,7233,1463,21576,154,18508,2914,317,11,102,204,18579,161,18418
2016.06,구로구,140195,232,128668,11295,115106,57,107395,7654,7082,50,6163,869,17748,116,15007,2625,259,9,103,147,16469,58,16411
2016.06,금천구,83581,123,75984,7474,65270,24,60703,4543,4684,11,4201,472,13493,85,11036,2372,134,3,44,87,11871,200,11671
2016.06,영등포구,148508,299,138053,10156,120367,92,115505,4770,6419,40,5923,456,20616,153,16160,4303,1106,14,465,627,16896,233,16663
2016.06,동작구,103643,277,100555,2811,90063,75,88774,1214,3994,48,3828,118,9191,141,7870,1180,395,13,83,299,15267,213,15054
2016.06,관악구,121964,272,115869,5823,102798,63,99360,3375,5648,36,5322,290,13301,163,11152,1986,217,10,35,172,24842,285,24557
2016.06,서초구,179285,594,168411,10280,155287,259,150705,4323,6110,153,5127,830,17562,167,12439,4956,326,15,140,171,14565,277,14288
2016.06,강남구,243010,359,223428,19223,214477,111,198608,15758,7376,50,6450,876,20798,180,18211,2407,359,18,159,182,17410,348,17062
2016.06,송파구,220158,347,208158,11653,188055,92,182007,5956,8403,92,6652,1659,23391,156,19407,3828,309,7,92,210,18672,239,18433
2016.06,강동구,137107,220,128396,8491,114814,54,109391,5369,5871,33,5133,705,16149,128,13826,2195,273,5,46,222,16806,156,16650
2016.06,기타,-,-,-,-,-,-,-,-,-,-,-,-,-,-,-,-,-,-,-,-,13,-,13
2016.07,서울시,3079928,11354,2872491,196083,2588964,4082,2466244,118638,137957,3149,118060,16748,345901,3782,286131,55988,7106,341,2056,4709,454684,4696,449988
2016.07,종로구,49984,3698,44633,1653,40005,1838,37657,510,4113,1409,2366,338,5689,369,4583,737,177,82,27,68,13501,326,13175
2016.07,중구,51950,1041,47099,3810,40628,248,38628,1752,3787,592,2781,414,7366,186,5628,1552,169,15,62,92,14993,253,14740
2016.07,용산구,75883,358,73456,2069,65236,139,63994,1103,3034,51,2927,56,7482,156,6454,872,131,12,81,38,16650,222,16428
2016.07,성동구,97989,274,88903,8812,82503,85,75915,6503,3948,34,3337,577,11351,145,9592,1614,187,10,59,118,20318,117,20201
2016.07,광진구,97175,276,91266,5633,80720,72,77596,3052,4505,44,3779,682,11684,153,9870,1661,266,7,21,238,18719,203,18516
2016.07,동대문구,97411,270,91305,5836,78734,81,75538,3115,4701,57,4392,252,13807,123,11331,2353,169,9,44,116,24311,237,24074
2016.07,중랑구,111785,190,101940,9655,89805,42,83688,6075,5723,32,5155,536,15866,100,13036,2730,391,16,61,314,24472,100,24372
2016.07,성북구,116940,229,111204,5507,99061,68,96338,2655,6187,31,5043,1113,11569,120,9791,1658,123,10,32,81,26467,168,26299
2016.07,강북구,76662,285,71493,4884,62451,84,59555,2812,4602,47,3779,776,9475,136,8121,1218,134,18,38,78,21940,74,21866
2016.07,도봉구,96825,232,88869,7724,81048,53,75557,5438,4545,41,4068,436,11052,132,9204,1716,180,6,40,134,14775,157,14618
2016.07,노원구,156258,256,146246,9756,134822,55,128286,6481,6860,47,5890,923,14283,145,12017,2121,293,9,53,231,15390,88,15302
2016.07,은평구,127654,224,120526,6904,107186,64,103092,4030,6290,35,5466,789,13954,117,11922,1915,224,8,46,170,21215,131,21084
2016.07,서대문구,84541,430,78855,5256,71487,171,68367,2949,4003,85,3523,395,8907,163,6926,1818,144,11,39,94,15033,167,14866
2016.07,마포구,117430,277,109593,7560,98872,63,94699,4110,5125,45,4358,722,13108,153,10446,2509,325,16,90,219,17666,177,17489
2016.07,양천구,150704,303,141351,9050,127252,111,122247,4894,6455,50,5338,1067,16498,134,13670,2694,499,8,96,395,17750,144,17606
2016.07,강서구,193452,286,178321,14845,162797,80,152425,10292,8732,39,7227,1466,21603,156,18566,2881,320,11,103,206,18582,161,18421
2016.07,구로구,140529,235,128940,11354,115421,60,107653,7708,7100,50,6196,854,17746,116,14988,2642,262,9,103,150,16426,58,16368
2016.07,금천구,83840,124,76259,7457,65486,24,60949,4513,4706,11,4218,477,13515,86,11049,2380,133,3,43,87,11950,200,11750
2016.07,영등포구,148108,300,137561,10247,119956,94,115061,4801,6387,40,5890,457,20655,153,16145,4357,1110,13,465,632,16857,203,16654
2016.07,동작구,103721,276,100647,2798,90100,75,88817,1208,3992,47,3827,118,9231,141,7917,1173,398,13,86,299,15261,195,15066
2016.07,관악구,122120,274,116042,5804,103014,64,99586,3364,5608,36,5283,289,13284,164,11138,1982,214,10,35,169,24852,296,24556
2016.07,서초구,179207,595,168332,10280,155286,256,150699,4331,6092,156,5107,829,17507,168,12386,4953,322,15,140,167,14577,282,14295
2016.07,강남구,241867,355,222532,18980,213546,111,197898,15537,7300,45,6393,862,20667,181,18086,2400,354,18,155,181,17451,342,17109
2016.07,송파구,220648,342,208636,11670,188574,90,182504,5980,8325,91,6617,1617,23439,154,19423,3862,310,7,92,211,18715,239,18476
2016.07,강동구,137245,224,128482,8539,114974,54,109495,5425,5837,34,5100,703,16163,131,13842,2190,271,5,45,221,16800,156,16644
2016.07,기타,-,-,-,-,-,-,-,-,-,-,-,-,-,-,-,-,-,-,-,-,13,-,13
2016.08,서울시,3078045,11345,2870324,196376,2588763,4086,2465712,118965,137045,3147,117206,16692,345115,3770,285340,56005,7122,342,2066,4714,455083,4674,450409
2016.08,종로구,49611,3696,44266,1649,39684,1835,37344,505,4088,1409,2343,336,5663,370,4553,740,176,82,26,68,13505,326,13179
2016.08,중구,52277,1037,47440,3800,40914,243,38974,1697,3782,591,2776,415,7411,188,5627,1596,170,15,63,92,14999,239,14760
2016.08,용산구,75852,360,73437,2055,65257,140,64030,1087,3020,51,2912,57,7445,157,6415,873,130,12,80,38,16668,217,16451
2016.08,성동구,98352,271,88824,9257,82939,84,75904,6951,3924,34,3312,578,11304,143,9551,1610,185,10,57,118,20385,116,20269
2016.08,광진구,97217,277,91255,5685,80802,72,77640,3090,4471,44,3747,680,11680,154,9846,1680,264,7,22,235,18745,203,18542
2016.08,동대문구,97282,269,91251,5762,78651,82,75518,3051,4685,55,4375,255,13778,123,11315,2340,168,9,43,116,24251,237,24014
2016.08,중랑구,111707,190,101854,9663,89777,41,83656,6080,5700,32,5132,536,15837,101,13004,2732,393,16,62,315,24468,100,24368
2016.08,성북구,116819,232,111078,5509,99011,71,96281,2659,6151,29,5007,1115,11533,122,9758,1653,124,10,32,82,26435,168,26267
2016.08,강북구,76831,280,71605,4946,62655,81,59695,2879,4589,47,3766,776,9455,134,8106,1215,132,18,38,76,21977,74,21903
2016.08,도봉구,96832,229,88876,7727,81064,53,75579,5432,4533,41,4055,437,11048,129,9200,1719,187,6,42,139,14803,157,14646
2016.08,노원구,156107,257,146160,9690,134781,57,128319,6405,6811,47,5835,929,14218,144,11953,2121,297,9,53,235,15364,88,15276
2016.08,은평구,127605,228,120480,6897,107202,65,103109,4028,6249,37,5423,789,13930,118,11901,1911,224,8,47,169,21262,131,21131
2016.08,서대문구,84314,424,78654,5236,71343,170,68241,2932,3975,85,3498,392,8852,159,6875,1818,144,10,40,94,15049,167,14882
2016.08,마포구,117313,278,109501,7534,98857,64,94695,4098,5088,45,4327,716,13038,153,10387,2498,330,16,92,222,17637,177,17460
2016.08,양천구,150714,301,141382,9031,127389,107,122393,4889,6398,50,5284,1064,16431,136,13610,2685,496,8,95,393,17801,144,17657
2016.08,강서구,193279,283,178141,14855,162803,79,152415,10309,8606,39,7104,1463,21551,154,18519,2878,319,11,103,205,18609,161,18448
2016.08,구로구,140364,230,128850,11284,115336,60,107580,7696,7076,50,6189,837,17691,111,14979,2601,261,9,102,150,16381,57,16324
2016.08,금천구,83842,128,76332,7382,65482,25,61021,4436,4673,12,4185,476,13553,88,11080,2385,134,3,46,85,11958,200,11758
2016.08,영등포구,147720,303,137119,10298,119519,94,114696,4729,6361,41,5866,454,20726,155,16089,4482,1114,13,468,633,16898,202,16696
2016.08,동작구,103811,277,100737,2797,90217,75,88935,1207,3966,47,3801,118,9229,142,7912,1175,399,13,89,297,15269,195,15074
2016.08,관악구,122056,276,116034,5746,103048,64,99598,3386,5589,36,5265,288,13199,165,11135,1899,220,11,36,173,24934,296,24638
2016.08,서초구,178972,610,168005,10357,155133,269,150461,4403,6042,156,5060,826,17474,170,12344,4960,323,15,140,168,14576,282,14294
2016.08,강남구,241689,348,222274,19067,213475,112,197748,15615,7222,46,6322,854,20637,171,18048,2418,355,19,156,180,17543,342,17201
2016.08,송파구,220626,339,208655,11632,188730,90,182666,5974,8252,90,6561,1601,23341,152,19340,3849,303,7,88,208,18744,239,18505
2016.08,강동구,136853,222,128114,8517,114694,53,109214,5427,5794,33,5061,700,16091,131,13793,2167,274,5,46,223,16809,156,16653
2016.08,기타,-,-,-,-,-,-,-,-,-,-,-,-,-,-,-,-,-,-,-,-,13,-,13
2016.09,서울시,3080627,11331,2871907,197389,2592545,4092,2468560,119893,136470,3144,116627,16699,344458,3748,284638,56072,7154,347,2082,4725,455449,4665,450784
2016.09,종로구,49608,3702,44257,1649,39705,1841,37359,505,4089,1409,2339,341,5638,370,4533,735,176,82,26,68,13491,325,13166
2016.09,중구,52122,1029,47292,3801,40763,239,38883,1641,3739,589,2746,404,7453,187,5601,1665,167,14,62,91,15058,236,14822
2016.09,용산구,75781,359,73367,2055,65364,140,64137,1087,3001,51,2893,57,7285,156,6256,873,131,12,81,38,16682,217,16465
2016.09,성동구,98505,273,88846,9386,83175,84,75997,7094,3886,34,3282,570,11255,144,9509,1602,189,11,58,120,20408,116,20292
2016.09,광진구,97372,274,91342,5756,80920,72,77718,3130,4496,44,3732,720,11694,151,9870,1673,262,7,22,233,18754,203,18551
2016.09,동대문구,97387,271,91331,5785,78814,81,75663,3070,4639,58,4325,256,13762,122,11298,2342,172,10,45,117,24266,235,24031
2016.09,중랑구,111911,188,102045,9678,89998,40,83867,6091,5693,32,5125,536,15825,100,12990,2735,395,16,63,316,24460,100,24360
2016.09,성북구,116760,228,111020,5512,99010,67,96278,2665,6119,29,4976,1114,11507,122,9734,1651,124,10,32,82,26407,168,26239
2016.09,강북구,76841,280,71646,4915,62680,82,59745,2853,4558,47,3736,775,9467,132,8126,1209,136,19,39,78,22011,74,21937
2016.09,도봉구,96926,231,88975,7720,81200,56,75714,5430,4511,42,4032,437,11025,127,9186,1712,190,6,43,141,14817,157,14660
2016.09,노원구,156294,255,146342,9697,135016,57,128561,6398,6784,47,5801,936,14193,142,11925,2126,301,9,55,237,15402,88,15314
2016.09,은평구,127735,228,120599,6908,107380,66,103280,4034,6210,37,5386,787,13920,117,11888,1915,225,8,45,172,21294,130,21164
2016.09,서대문구,84405,424,78743,5238,71492,170,68387,2935,3937,85,3458,394,8833,159,6858,1816,143,10,40,93,15092,167,14925
2016.09,마포구,117286,290,109474,7522,98896,70,94734,4092,5069,48,4308,713,12991,154,10340,2497,330,18,92,220,17618,177,17441
2016.09,양천구,150761,300,141450,9011,127485,108,122496,4881,6359,49,5259,1051,16418,135,13597,2686,499,8,98,393,17798,140,17658
2016.09,강서구,193557,285,178387,14885,163270,80,152816,10374,8555,40,7091,1424,21412,153,18380,2879,320,12,100,208,18648,161,18487
2016.09,구로구,140488,225,129060,11203,115481,60,107789,7632,7042,49,6183,810,17704,107,14985,2612,261,9,103,149,16361,57,16304
2016.09,금천구,83942,124,76468,7350,65611,23,61187,4401,4671,11,4183,477,13524,87,11051,2386,136,3,47,86,11957,200,11757
2016.09,영등포구,147109,306,136604,10199,118999,96,114251,4652,6349,41,5852,456,20641,155,16027,4459,1120,14,474,632,16877,203,16674
2016.09,동작구,104016,274,100946,2796,90439,73,89158,1208,3955,47,3790,118,9224,141,7909,1174,398,13,89,296,15288,195,15093
2016.09,관악구,122101,275,116016,5810,103132,65,99621,3446,5568,35,5241,292,13179,164,11117,1898,222,11,37,174,25015,296,24719
2016.09,서초구,179240,608,168210,10422,155362,268,150638,4456,6022,156,5040,826,17530,169,12390,4971,326,15,142,169,14609,283,14326
2016.09,강남구,242670,347,222369,19954,214474,113,197919,16442,7262,46,6302,914,20583,170,17995,2418,351,18,153,180,17525,342,17183
2016.09,송파구,220929,330,208969,11630,189080,88,183041,5951,8207,84,6525,1598,23335,151,19312,3872,307,7,91,209,18778,239,18539
2016.09,강동구,136881,225,128149,8507,114799,53,109321,5425,5749,34,5022,693,16060,133,13761,2166,273,5,45,223,16820,156,16664
2016.09,기타,-,-,-,-,-,-,-,-,-,-,-,-,-,-,-,-,-,-,-,-,13,-,13
2016.10,서울시,3083269,11292,2874714,197263,2596337,4084,2472468,119785,135916,3136,116148,16632,343863,3726,284014,56123,7153,346,2084,4723,455138,4660,450478
2016.10,종로구,49615,3697,44269,1649,39722,1835,37386,501,4081,1410,2331,340,5637,370,4526,741,175,82,26,67,13494,325,13169
2016.10,중구,52165,1030,47348,3787,40782,244,38920,1618,3752,586,2761,405,7471,187,5605,1679,160,13,62,85,15050,236,14814
2016.10,용산구,75817,354,73410,2053,65434,140,64212,1082,2987,51,2877,59,7266,152,6241,873,130,11,80,39,16635,216,16419
2016.10,성동구,98484,269,89049,9166,83252,80,76304,6868,3880,34,3275,571,11161,144,9407,1610,191,11,63,117,20387,116,20271
2016.10,광진구,97451,271,91430,5750,81010,70,77809,3131,4478,44,3716,718,11702,150,9882,1670,261,7,23,231,18734,203,18531
2016.10,동대문구,97393,274,91343,5776,78902,83,75759,3060,4620,59,4309,252,13698,122,11230,2346,173,10,45,118,24280,233,24047
2016.10,중랑구,112012,188,102145,9679,90136,40,84007,6089,5654,32,5088,534,15829,100,12990,2739,393,16,60,317,24465,99,24366
2016.10,성북구,116857,224,111118,5515,99119,66,96390,2663,6092,29,4947,1116,11519,119,9749,1651,127,10,32,85,26391,168,26223
2016.10,강북구,76821,279,71666,4876,62697,82,59779,2836,4532,47,3726,759,9459,132,8124,1203,133,18,37,78,22011,74,21937
2016.10,도봉구,97059,232,89111,7716,81380,59,75910,5411,4491,41,4014,436,10996,126,9147,1723,192,6,40,146,14816,157,14659
2016.10,노원구,156180,255,146235,9690,134998,56,128531,6411,6739,47,5757,935,14146,142,11891,2113,297,10,56,231,15365,88,15277
2016.10,은평구,127885,227,120755,6903,107563,67,103466,4030,6163,35,5342,786,13933,117,11902,1914,226,8,45,173,21292,127,21165
2016.10,서대문구,84472,424,78803,5245,71596,169,68486,2941,3914,85,3435,394,8817,159,6840,1818,145,11,42,92,15076,167,14909
2016.10,마포구,117307,289,109495,7523,98939,70,94770,4099,5033,48,4277,708,13008,153,10356,2499,327,18,92,217,17578,177,17401
2016.10,양천구,150769,300,141476,8993,127556,109,122580,4867,6353,49,5254,1050,16360,134,13544,2682,500,8,98,394,17741,140,17601
2016.10,강서구,193745,286,178550,14909,163563,82,153070,10411,8494,39,7041,1414,21367,153,18335,2879,321,12,104,205,18626,161,18465
2016.10,구로구,141004,223,129220,11561,115982,61,107930,7991,7043,49,6190,804,17716,104,14996,2616,263,9,104,150,16366,58,16308
2016.10,금천구,83927,125,76546,7256,65587,23,61252,4312,4683,12,4192,479,13521,87,11056,2378,136,3,46,87,11948,201,11747
2016.10,영등포구,146793,307,136313,10173,118868,97,114141,4630,6343,40,5850,453,20459,156,15851,4452,1123,14,471,638,16826,203,16623
2016.10,동작구,104151,270,101081,2800,90592,73,89310,1209,3947,47,3782,118,9214,137,7900,1177,398,13,89,296,15305,195,15110
2016.10,관악구,122105,276,116027,5802,103211,66,99706,3439,5538,35,5211,292,13133,164,11072,1897,223,11,38,174,24978,296,24682
2016.10,서초구,179829,589,168787,10453,155987,255,151290,4442,5983,153,4997,833,17528,166,12359,5003,331,15,141,175,14580,283,14297
2016.10,강남구,242826,349,222796,19681,214872,115,198413,16344,7221,47,6271,903,20385,169,17959,2257,348,18,153,177,17535,342,17193
2016.10,송파구,221760,331,209626,11803,189815,89,183751,5975,8157,84,6496,1577,23482,151,19287,4044,306,7,92,207,18855,239,18616
2016.10,강동구,136842,223,128115,8504,114774,53,109296,5425,5738,33,5009,696,16056,132,13765,2159,274,5,45,224,16792,156,16636
2016.10,기타,-,-,-,-,-,-,-,-,-,-,-,-,-,-,-,-,-,-,-,-,12,-,12
2016.11,서울시,3084245,11300,2876250,196695,2598330,4104,2474955,119271,135220,3160,115487,16573,343527,3692,283725,56110,7168,344,2083,4741,454003,4639,449364
2016.11,종로구,49653,3740,44251,1662,39707,1852,37347,508,4111,1441,2328,342,5660,365,4550,745,175,82,26,67,13497,324,13173
2016.11,중구,52009,1004,47241,3764,40701,245,38846,1610,3703,564,2738,401,7442,181,5594,1667,163,14,63,86,15054,237,14817
2016.11,용산구,75645,353,73260,2032,65361,140,64149,1072,2960,52,2848,60,7195,150,6183,862,129,11,80,38,16560,215,16345
2016.11,성동구,98690,269,89120,9301,83509,81,76430,6998,3858,34,3247,577,11135,143,9379,1613,188,11,64,113,20381,116,20265
2016.11,광진구,97270,274,91289,5707,80919,71,77763,3085,4435,44,3668,723,11655,152,9836,1667,261,7,22,232,18650,203,18447
2016.11,동대문구,97436,275,91368,5793,78956,84,75797,3075,4581,59,4271,251,13726,122,11255,2349,173,10,45,118,24232,232,24000
2016.11,중랑구,112123,190,102267,9666,90272,39,84141,6092,5626,34,5056,536,15835,101,13011,2723,390,16,59,315,24383,100,24283
2016.11,성북구,116795,224,111050,5521,99098,66,96358,2674,6067,29,4925,1113,11506,119,9735,1652,124,10,32,82,26322,168,26154
2016.11,강북구,76894,277,71724,4893,62820,82,59882,2856,4504,46,3698,760,9438,132,8109,1197,132,17,35,80,21971,74,21897
2016.11,도봉구,97082,230,89155,7697,81496,59,76045,5392,4444,40,3970,434,10952,125,9100,1727,190,6,40,144,14761,156,14605
2016.11,노원구,156104,257,146233,9614,134956,56,128557,6343,6722,49,5741,932,14120,142,11880,2098,306,10,55,241,15317,76,15241
2016.11,은평구,127922,228,120840,6854,107615,66,103574,3975,6142,39,5318,785,13936,115,11903,1918,229,8,45,176,21231,119,21112
2016.11,서대문구,84460,424,78797,5239,71637,169,68529,2939,3877,86,3399,392,8799,157,6827,1815,147,12,42,93,15050,167,14883
2016.11,마포구,117264,288,109465,7511,98996,69,94812,4115,4994,48,4246,700,12948,153,10314,2481,326,18,93,215,17508,177,17331
2016.11,양천구,150614,299,141248,9067,127455,109,122421,4925,6294,49,5197,1048,16358,133,13531,2694,507,8,99,400,17699,140,17559
2016.11,강서구,194864,289,179570,15005,164595,84,154011,10500,8494,41,7041,1412,21457,153,18420,2884,318,11,98,209,18605,165,18440
2016.11,구로구,141105,223,129352,11530,116045,60,108063,7922,7039,51,6197,791,17756,103,14985,2668,265,9,107,149,16313,57,16256
2016.11,금천구,83996,124,76663,7209,65682,23,61388,4271,4668,12,4178,478,13508,86,11049,2373,138,3,48,87,11907,203,11704
2016.11,영등포구,145972,309,135924,9739,118232,99,113891,4242,6310,41,5825,444,20305,155,15738,4412,1125,14,470,641,16759,195,16564
2016.11,동작구,104257,268,101202,2787,90746,72,89475,1199,3908,48,3742,118,9206,135,7895,1176,397,13,90,294,15251,195,15056
2016.11,관악구,122224,264,116143,5817,103326,65,99799,3462,5516,35,5189,292,13163,153,11118,1892,219,11,37,171,24904,296,24608
2016.11,서초구,180090,583,169250,10257,156223,255,151742,4226,5964,149,4987,828,17571,165,12378,5028,332,14,143,175,14486,282,14204
2016.11,강남구,242863,353,222809,19701,214886,117,198405,16364,7230,49,6278,903,20398,170,17971,2257,349,17,155,177,17545,348,17197
2016.11,송파구,222308,331,210118,11859,190434,88,184333,6013,8116,86,6454,1576,23452,150,19241,4061,306,7,90,209,18861,238,18623
2016.11,강동구,136605,224,127911,8470,114663,53,109197,5413,5657,34,4946,677,16006,132,13723,2151,279,5,45,229,16743,156,16587
2016.11,기타,-,-,-,-,-,-,-,-,-,-,-,-,-,-,-,-,-,-,-,-,13,-,13
2016.12,서울시,3083007,11276,2875305,196426,2598344,4105,2475126,119113,134309,3135,114724,16450,343173,3690,283367,56116,7181,346,2088,4747,452439,4615,447824
2016.12,종로구,49471,3754,44062,1655,39559,1862,37195,502,4087,1439,2307,341,5650,367,4536,747,175,86,24,65,13446,323,13123
2016.12,중구,51604,988,46806,3810,40352,245,38461,1646,3677,550,2706,421,7409,179,5575,1655,166,14,64,88,14874,237,14637
2016.12,용산구,75640,352,73248,2040,65338,140,64133,1065,2932,51,2820,61,7238,150,6215,873,132,11,80,41,16442,214,16228
2016.12,성동구,99529,266,90126,9137,84276,78,77361,6837,3844,34,3235,575,11222,143,9465,1614,187,11,65,111,20428,120,20308
2016.12,광진구,97045,275,91068,5702,80741,71,77610,3060,4423,45,3644,734,11622,152,9795,1675,259,7,19,233,18563,203,18360
2016.12,동대문구,97333,275,91319,5739,78992,83,75836,3073,4514,59,4239,216,13658,123,11199,2336,169,10,45,114,24128,232,23896
2016.12,중랑구,112098,189,102178,9731,90329,40,84132,6157,5586,32,5016,538,15791,101,12968,2722,392,16,62,314,24324,100,24224
2016.12,성북구,116446,224,110714,5508,98837,66,96100,2671,6030,28,4885,1117,11462,120,9698,1644,117,10,31,76,26267,168,26099
2016.12,강북구,76844,271,71707,4866,62826,81,59915,2830,4466,46,3667,753,9421,127,8092,1202,131,17,33,81,21966,74,21892
2016.12,도봉구,97059,229,89131,7699,81500,58,76043,5399,4421,40,3945,436,10951,125,9104,1722,187,6,39,142,14735,155,14580
2016.12,노원구,155697,252,145897,9548,134645,53,128286,6306,6669,49,5693,927,14076,141,11864,2071,307,9,54,244,15276,68,15208
2016.12,은평구,127647,225,120562,6860,107413,67,103364,3982,6088,34,5271,783,13912,116,11880,1916,234,8,47,179,21139,110,21029
2016.12,서대문구,84358,424,78683,5251,71598,170,68480,2948,3852,83,3376,393,8762,159,6786,1817,146,12,41,93,14989,167,14822
2016.12,마포구,117071,290,109220,7561,98891,69,94657,4165,4950,50,4201,699,12906,153,10270,2483,324,18,92,214,17418,177,17241
2016.12,양천구,150208,300,140871,9037,127174,109,122159,4906,6221,51,5139,1031,16307,132,13476,2699,506,8,97,401,17632,139,17493
2016.12,강서구,196164,286,180689,15189,165908,82,155127,10699,8487,38,7047,1402,21441,155,18406,2880,328,11,109,208,18594,165,18429
2016.12,구로구,140693,225,129033,11435,115705,60,107793,7852,7014,53,6195,766,17705,103,14939,2663,269,9,106,154,16212,57,16155
2016.12,금천구,84684,120,77340,7224,66259,21,61964,4274,4721,12,4218,491,13563,84,11108,2371,141,3,50,88,11875,204,11671
2016.12,영등포구,146180,306,136124,9750,118332,98,113984,4250,6282,39,5803,440,20440,156,15866,4418,1126,13,471,642,16687,186,16501
2016.12,동작구,104176,269,101123,2784,90605,72,89342,1191,3870,48,3704,118,9301,136,7986,1179,400,13,91,296,15141,195,14946
2016.12,관악구,122039,265,116013,5761,103233,67,99750,3416,5478,35,5154,289,13106,152,11071,1883,222,11,38,173,24835,292,24543
2016.12,서초구,179949,588,169108,10253,156135,253,151705,4177,5936,155,4960,821,17545,166,12297,5082,333,14,146,173,14454,282,14172
2016.12,강남구,242348,351,222368,19629,214472,118,198068,16286,7168,45,6229,894,20356,171,17913,2272,352,17,158,177,17477,353,17124
2016.12,송파구,222514,330,210294,11890,190799,88,184685,6026,8064,85,6369,1610,23353,150,19157,4046,298,7,83,208,18824,240,18584
2016.12,강동구,136210,222,127621,8367,114425,54,108976,5395,5529,34,4901,594,15976,129,13701,2146,280,5,43,232,16700,154,16546
2016.12,기타,-,-,-,-,-,-,-,-,-,-,-,-,-,-,-,-,-,-,-,-,13,-,13
2017.01,서울시,3091903,11255,2883800,196848,2607254,4099,2483697,119458,133792,3127,114213,16452,343626,3684,283776,56166,7231,345,2114,4772,451613,4615,446998
2017.01,종로구,49538,3749,44127,1662,39620,1858,37262,500,4076,1439,2292,345,5663,366,4548,749,179,86,25,68,13427,323,13104
2017.01,중구,51590,989,46805,3796,40317,246,38445,1626,3658,549,2691,418,7443,180,5606,1657,172,14,63,95,14897,237,14660
2017.01,용산구,75709,345,73211,2153,65415,134,64137,1144,2919,50,2808,61,7242,150,6185,907,133,11,81,41,16373,212,16161
2017.01,성동구,100154,269,90624,9261,84853,80,77819,6954,3823,34,3210,579,11288,144,9529,1615,190,11,66,113,20444,118,20326
2017.01,광진구,97290,275,91374,5641,81065,71,77906,3088,4411,45,3638,728,11555,152,9811,1592,259,7,19,233,18498,203,18295
2017.01,동대문구,97545,273,91532,5740,79181,83,76022,3076,4503,58,4228,217,13698,122,11236,2340,163,10,46,107,24079,232,23847
2017.01,중랑구,112442,188,102520,9734,90697,41,84491,6165,5570,32,4995,543,15786,99,12974,2713,389,16,60,313,24291,100,24191
2017.01,성북구,116842,224,111104,5514,99220,66,96484,2670,6000,28,4856,1116,11505,120,9734,1651,117,10,30,77,26208,168,26040
2017.01,강북구,76983,270,71871,4842,62976,80,60088,2808,4456,46,3656,754,9421,127,8095,1199,130,17,32,81,21929,74,21855
2017.01,도봉구,97208,229,89283,7696,81702,58,76251,5393,4378,40,3904,434,10935,125,9086,1724,193,6,42,145,14690,155,14535
2017.01,노원구,156134,252,146315,9567,135035,53,128673,6309,6662,49,5686,927,14123,141,11904,2078,314,9,52,253,15249,68,15181
2017.01,은평구,128000,225,120920,6855,107804,67,103760,3977,6048,34,5232,782,13916,116,11878,1922,232,8,50,174,21076,110,20966
2017.01,서대문구,84668,419,79032,5217,71922,170,68825,2927,3826,82,3366,378,8771,156,6796,1819,149,11,45,93,14969,167,14802
2017.01,마포구,117291,291,109417,7583,99077,70,94854,4153,4969,50,4187,732,12925,153,10285,2487,320,18,91,211,17326,177,17149
2017.01,양천구,150620,297,141373,8950,127666,108,122684,4874,6172,50,5084,1038,16271,131,13504,2636,511,8,101,402,17583,139,17444
2017.01,강서구,196608,287,181128,15193,166337,83,155553,10701,8438,38,6998,1402,21491,155,18466,2870,342,11,111,220,18561,165,18396
2017.01,구로구,141107,247,129530,11330,116085,60,108271,7754,6971,50,6177,744,17783,128,14976,2679,268,9,106,153,16310,214,16096
2017.01,금천구,85104,93,77868,7143,66676,19,62456,4201,4711,12,4208,491,13575,59,11155,2361,142,3,49,90,11690,47,11643
2017.01,영등포구,146193,307,136056,9830,118345,98,113977,4270,6259,40,5788,431,20455,156,15812,4487,1134,13,479,642,16675,186,16489
2017.01,동작구,104416,271,101364,2781,90872,74,89608,1190,3848,48,3682,118,9298,136,7985,1177,398,13,89,296,15112,195,14917
2017.01,관악구,122425,266,116390,5769,103602,67,100125,3410,5459,35,5133,291,13139,153,11091,1895,225,11,41,173,24800,294,24506
2017.01,서초구,180310,587,169501,10222,156510,252,152172,4086,5908,155,4938,815,17558,166,12245,5147,334,14,146,174,14403,282,14121
2017.01,강남구,243194,350,222719,20125,215250,118,198366,16766,7156,45,6205,906,20433,170,17986,2277,355,17,162,176,17533,353,17180
2017.01,송파구,223617,330,211448,11839,191910,89,185836,5985,8046,84,6355,1607,23363,150,19175,4038,298,7,82,209,18803,240,18563
2017.01,강동구,136915,222,128288,8405,115117,54,109632,5431,5525,34,4896,595,15989,129,13714,2146,284,5,46,233,16674,156,16518
2017.01,기타,-,-,-,-,-,-,-,-,-,-,-,-,-,-,-,-,-,-,-,-,13,-,13
2017.02,서울시,3093930,11095,2886488,196347,2610151,3960,2487110,119081,133258,3109,113746,16403,343282,3683,283499,56100,7239,343,2133,4763,450770,4610,446160
2017.02,종로구,49139,3569,43969,1601,39382,1705,37212,465,4000,1414,2262,324,5579,365,4470,744,178,85,25,68,13376,323,13053
2017.02,중구,51508,987,46618,3903,40325,244,38336,1745,3612,549,2656,407,7397,179,5563,1655,174,15,63,96,14849,239,14610
2017.02,용산구,75618,345,73038,2235,65293,134,64024,1135,2908,50,2796,62,7283,150,6137,996,134,11,81,42,16321,207,16114
2017.02,성동구,100587,268,91043,9276,85245,79,78221,6945,3821,35,3196,590,11331,144,9560,1627,190,10,66,114,20452,119,20333
2017.02,광진구,97262,275,91330,5657,81106,71,77919,3116,4375,45,3620,710,11523,152,9772,1599,258,7,19,232,18469,203,18266
2017.02,동대문구,97515,275,91451,5789,79165,83,75967,3115,4494,58,4219,217,13687,124,11218,2345,169,10,47,112,24060,233,23827
2017.02,중랑구,112325,188,102516,9621,90608,41,84514,6053,5533,33,4959,541,15795,98,12980,2717,389,16,63,310,24276,100,24176
2017.02,성북구,116861,223,111151,5487,99304,67,96586,2651,5972,28,4826,1118,11469,118,9710,1641,116,10,29,77,26171,169,26002
2017.02,강북구,76931,271,71846,4814,62948,81,60089,2778,4439,46,3639,754,9415,127,8086,1202,129,17,32,80,21898,75,21823
2017.02,도봉구,97187,229,89292,7666,81706,58,76276,5372,4362,40,3888,434,10926,125,9084,1717,193,6,44,143,14667,155,14512
2017.02,노원구,156026,252,146186,9588,134979,53,128602,6324,6641,49,5648,944,14093,141,11884,2068,313,9,52,252,15184,68,15116
2017.02,은평구,127965,225,120862,6878,107813,67,103740,4006,6019,34,5203,782,13899,115,11868,1916,234,9,51,174,21038,110,20928
2017.02,서대문구,84936,420,79173,5343,72071,170,68976,2925,3814,84,3351,379,8802,156,6801,1845,249,10,45,194,14931,167,14764
2017.02,마포구,116983,291,109281,7411,98964,70,94765,4129,4948,50,4170,728,12854,153,10257,2444,217,18,89,110,17270,177,17093
2017.02,양천구,150470,295,141235,8940,127581,106,122607,4868,6156,50,5069,1037,16220,131,13458,2631,513,8,101,404,17582,137,17445
2017.02,강서구,196928,288,181444,15196,166664,84,155873,10707,8417,39,6986,1392,21506,155,18476,2875,341,10,109,222,18525,165,18360
2017.02,구로구,141144,253,129540,11351,116058,67,108274,7717,6974,50,6186,738,17834,128,14964,2742,278,8,116,154,16284,214,16070
2017.02,금천구,85386,93,78223,7070,66936,19,62795,4122,4721,12,4218,491,13587,59,11162,2366,142,3,48,91,11690,45,11645
2017.02,영등포구,145619,319,135558,9742,117896,108,113518,4270,6235,40,5765,430,20374,158,15798,4418,1114,13,477,624,16631,185,16446
2017.02,동작구,104337,271,101307,2759,90805,73,89548,1184,3837,48,3673,116,9299,137,7995,1167,396,13,91,292,15112,195,14917
2017.02,관악구,122147,264,116161,5722,103351,65,99937,3349,5436,35,5109,292,13130,153,11074,1903,230,11,41,178,24721,294,24427
2017.02,서초구,180114,590,169363,10161,156339,254,152051,4034,5888,156,4917,815,17549,166,12246,5137,338,14,149,175,14368,280,14088
2017.02,강남구,244361,350,224078,19933,216393,118,199685,16590,7114,45,6173,896,20498,170,18056,2272,356,17,164,175,17415,354,17061
2017.02,송파구,224497,332,212377,11788,192927,89,186788,6050,8025,85,6336,1604,23242,150,19172,3920,303,8,81,214,18803,240,18563
2017.02,강동구,138084,222,129446,8416,116292,54,110807,5431,5517,34,4881,602,15990,129,13708,2153,285,5,50,230,16664,156,16508
2017.02,기타,-,-,-,-,-,-,-,-,-,-,-,-,-,-,-,-,-,-,-,-,13,-,13
2017.03,서울시,3095613,11259,2888504,195850,2612587,4048,2489902,118637,132674,3156,113136,16382,343082,3713,283319,56050,7270,342,2147,4781,450857,4617,446240
2017.03,종로구,49416,3617,44181,1618,39677,1727,37476,474,4001,1439,2236,326,5558,366,4442,750,180,85,27,68,13359,323,13036
2017.03,중구,51238,991,46384,3863,40069,245,38153,1671,3585,550,2637,398,7410,181,5531,1698,174,15,63,96,14797,239,14558
2017.03,용산구,75652,346,73090,2216,65317,133,64062,1122,2885,50,2771,64,7314,152,6175,987,136,11,82,43,16279,207,16072
2017.03,성동구,100826,282,91268,9276,85505,90,78471,6944,3830,39,3198,593,11302,143,9535,1624,189,10,64,115,20475,121,20354
2017.03,광진구,97350,276,91482,5592,81254,72,78104,3078,4370,45,3621,704,11467,152,9737,1578,259,7,20,232,18500,203,18297
2017.03,동대문구,97412,278,91431,5703,79096,83,75960,3053,4439,59,4172,208,13708,126,11251,2331,169,10,48,111,24065,234,23831
2017.03,중랑구,112422,193,102607,9622,90758,42,84647,6069,5500,34,4926,540,15778,101,12970,2707,386,16,64,306,24283,102,24181
2017.03,성북구,116902,226,111204,5472,99390,68,96681,2641,5940,28,4798,1114,11454,120,9694,1640,118,10,31,77,26171,170,26001
2017.03,강북구,77222,276,72142,4804,63219,82,60364,2773,4434,50,3636,748,9433,127,8105,1201,136,17,37,82,21889,75,21814
2017.03,도봉구,97040,230,89157,7653,81620,60,76201,5359,4305,39,3833,433,10917,125,9077,1715,198,6,46,146,14655,156,14499
2017.03,노원구,155993,251,146194,9548,134958,53,128644,6261,6640,47,5624,969,14079,142,11874,2063,316,9,52,255,15171,68,15103
2017.03,은평구,128015,230,120905,6880,107909,67,103834,4008,5985,34,5168,783,13884,120,11850,1914,237,9,53,175,21030,109,20921
2017.03,서대문구,84980,428,79218,5334,72160,174,69068,2918,3790,87,3322,381,8784,157,6782,1845,246,10,46,190,14970,168,14802
2017.03,마포구,117024,304,109382,7338,99046,80,94889,4077,4919,52,4151,716,12842,154,10253,2435,217,18,89,110,17283,177,17106
2017.03,양천구,150325,307,141221,8797,127761,116,122739,4906,5944,52,5033,859,16106,131,13345,2630,514,8,104,402,18099,136,17963
2017.03,강서구,197578,293,182109,15176,167270,87,156541,10642,8441,40,6972,1429,21517,156,18484,2877,350,10,112,228,18544,164,18380
2017.03,구로구,141306,255,129760,11291,116166,67,108421,7678,6987,50,6215,722,17876,130,15013,2733,277,8,111,158,16313,214,16099
2017.03,금천구,85440,99,78329,7012,67034,25,62931,4078,4701,12,4199,490,13562,59,11149,2354,143,3,50,90,11717,45,11672
2017.03,영등포구,145462,322,135350,9790,117772,109,113311,4352,6159,41,5724,394,20425,159,15842,4424,1106,13,473,620,16634,185,16449
2017.03,동작구,104457,274,101415,2768,90923,75,89671,1177,3822,49,3655,118,9317,137,8001,1179,395,13,88,294,15114,196,14918
2017.03,관악구,122121,262,116124,5735,103398,64,99973,3361,5406,35,5079,292,13079,152,11030,1897,238,11,42,185,24693,294,24399
2017.03,서초구,179957,595,169113,10249,156192,255,151802,4135,5834,157,4859,818,17585,169,12296,5120,346,14,156,176,14406,283,14123
2017.03,강남구,243957,351,223686,19920,215901,118,199397,16386,7273,45,6139,1089,20439,172,17997,2270,344,16,153,175,16908,352,16556
2017.03,송파구,224874,336,212742,11796,193297,90,187170,6037,7981,85,6290,1606,23286,153,19196,3937,310,8,86,216,18844,240,18604
2017.03,강동구,138644,237,130010,8397,116895,66,111392,5437,5503,37,4878,588,15960,129,13690,2141,286,5,50,231,16645,156,16489
2017.03,기타,-,-,-,-,-,-,-,-,-,-,-,-,-,-,-,-,-,-,-,-,13,-,13
2017.04,서울시,3099256,11343,2891549,196364,2616911,4088,2493591,119232,132080,3150,112598,16332,342963,3763,283201,55999,7302,342,2159,4801,451125,4619,446506
2017.04,종로구,49749,3634,44511,1604,39951,1738,37742,471,4004,1440,2237,327,5616,371,4503,742,178,85,29,64,13344,327,13017
2017.04,중구,50885,991,46064,3830,39864,245,37984,1635,3562,549,2619,394,7282,182,5400,1700,177,15,61,101,14789,238,14551
2017.04,용산구,75457,345,72897,2215,65149,132,63903,1114,2878,50,2762,66,7296,152,6152,992,134,11,80,43,16199,199,16000
2017.04,성동구,101683,288,91600,9795,86409,91,78833,7485,3810,40,3184,586,11276,147,9520,1609,188,10,63,115,20520,121,20399
2017.04,광진구,97398,277,91569,5552,81338,72,78223,3043,4360,45,3613,702,11434,153,9710,1571,266,7,23,236,18550,201,18349
2017.04,동대문구,97535,276,91592,5667,79219,82,76122,3015,4429,57,4163,209,13718,127,11259,2332,169,10,48,111,24097,234,23863
2017.04,중랑구,112462,202,102649,9611,90859,42,84752,6065,5488,34,4912,542,15733,110,12920,2703,382,16,65,301,24326,101,24225
2017.04,성북구,117066,234,111376,5456,99621,72,96914,2635,5900,28,4760,1112,11428,124,9669,1635,117,10,33,74,26186,168,26018
2017.04,강북구,77409,276,72338,4795,63391,83,60544,2764,4432,49,3637,746,9443,127,8123,1193,143,17,34,92,21914,75,21839
2017.04,도봉구,96989,233,89112,7644,81607,61,76191,5355,4278,39,3804,435,10906,127,9069,1710,198,6,48,144,14624,158,14466
2017.04,노원구,156224,248,146433,9543,135206,52,128898,6256,6620,47,5590,983,14087,140,11893,2054,311,9,52,250,15211,68,15143
2017.04,은평구,128036,245,120920,6871,108003,80,103914,4009,5974,34,5157,783,13821,122,11795,1904,238,9,54,175,20988,109,20879
2017.04,서대문구,85266,418,79493,5355,72402,167,69321,2914,3773,85,3304,384,8833,156,6821,1856,258,10,47,201,14974,167,14807
2017.04,마포구,117084,309,109434,7341,99118,80,94982,4056,4881,52,4106,723,12871,159,10260,2452,214,18,86,110,17308,180,17128
2017.04,양천구,150334,314,141326,8694,127830,117,122883,4830,5889,51,5009,829,16095,138,13329,2628,520,8,105,407,18140,135,18005
2017.04,강서구,198130,295,182579,15256,167847,88,157025,10734,8415,40,6949,1426,21515,157,18493,2865,353,10,112,231,18570,167,18403
2017.04,구로구,141789,258,129954,11577,116679,68,108624,7987,6970,51,6196,723,17868,131,15024,2713,272,8,110,154,16290,211,16079
2017.04,금천구,85615,100,78570,6945,67223,25,63175,4023,4691,12,4188,491,13551,60,11152,2339,150,3,55,92,11723,44,11679
2017.04,영등포구,145396,323,135349,9724,117667,111,113240,4316,6119,40,5686,393,20506,159,15948,4399,1104,13,475,616,16685,184,16501
2017.04,동작구,104589,286,101542,2761,91063,85,89800,1178,3828,49,3661,118,9304,139,7994,1171,394,13,87,294,15152,196,14956
2017.04,관악구,122153,267,116136,5750,103459,62,100036,3361,5392,35,5065,292,13062,159,10996,1907,240,11,39,190,24670,295,24375
2017.04,서초구,179644,595,168832,10217,155944,257,151598,4089,5769,156,4816,797,17587,168,12265,5154,344,14,153,177,14397,288,14109
2017.04,강남구,241188,354,220879,19955,216065,119,199529,16417,7206,45,6079,1082,17565,174,15111,2280,352,16,160,176,16924,356,16568
2017.04,송파구,228110,339,215961,11810,193657,90,187524,6043,7952,85,6263,1604,26192,156,22087,3949,309,8,87,214,18858,242,18616
2017.04,강동구,139065,236,130433,8396,117340,69,111834,5437,5460,37,4838,585,15974,125,13708,2141,291,5,53,233,16673,155,16518
2017.04,기타,-,-,-,-,-,-,-,-,-,-,-,-,-,-,-,-,-,-,-,-,13,-,13
2017.05,서울시,3103357,11426,2895370,196561,2621670,4161,2497987,119522,131538,3152,112078,16308,342772,3769,283100,55903,7377,344,2205,4828,452029,4629,447400
2017.05,종로구,49928,3651,44672,1605,40102,1745,37888,469,4000,1442,2232,326,5645,376,4522,747,181,88,30,63,13395,333,13062
2017.05,중구,50888,990,46102,3796,39852,245,38009,1598,3551,548,2617,386,7298,182,5410,1706,187,15,66,106,14819,248,14571
2017.05,용산구,75440,349,72860,2231,65128,134,63880,1114,2879,52,2760,67,7298,152,6139,1007,135,11,81,43,16224,198,16026
2017.05,성동구,101494,284,91820,9390,86256,93,79037,7126,3760,38,3177,545,11291,143,9544,1604,187,10,62,115,20622,120,20502
2017.05,광진구,97387,282,91565,5540,81334,77,78262,2995,4350,45,3605,700,11437,153,9674,1610,266,7,24,235,18575,201,18374
2017.05,동대문구,97640,286,91631,5723,79377,95,76215,3067,4410,55,4139,216,13682,126,11227,2329,171,10,50,111,24173,232,23941
2017.05,중랑구,112719,195,102920,9604,91152,44,85047,6061,5457,34,4878,545,15724,101,12925,2698,386,16,70,300,24390,99,24291
2017.05,성북구,117167,239,111481,5447,99761,76,97058,2627,5856,28,4717,1111,11429,125,9671,1633,121,10,35,76,26273,168,26105
2017.05,강북구,77497,279,72424,4794,63505,80,60658,2767,4418,49,3624,745,9431,133,8108,1190,143,17,34,92,21926,75,21851
2017.05,도봉구,97122,241,89273,7608,81731,63,76345,5323,4259,39,3787,433,10934,133,9092,1709,198,6,49,143,14690,158,14532
2017.05,노원구,156241,258,146482,9501,135297,61,129023,6213,6572,47,5532,993,14058,141,11873,2044,314,9,54,251,15268,68,15200
2017.05,은평구,128040,245,120928,6867,108083,80,103985,4018,5931,34,5113,784,13787,122,11772,1893,239,9,58,172,20998,109,20889
2017.05,서대문구,85379,427,79609,5343,72544,175,69458,2911,3754,86,3280,388,8805,156,6823,1826,276,10,48,218,14999,167,14832
2017.05,마포구,117140,308,109581,7251,99251,82,95157,4012,4863,52,4090,721,12803,156,10244,2403,223,18,90,115,17353,180,17173
2017.05,양천구,150359,323,141304,8732,127914,120,122920,4874,5838,52,4959,827,16087,143,13319,2625,520,8,106,406,18176,135,18041
2017.05,강서구,198721,308,183113,15300,168487,101,157623,10763,8394,40,6922,1432,21482,157,18453,2872,358,10,115,233,18616,167,18449
2017.05,구로구,142548,258,130161,12129,117427,68,108835,8524,6967,50,6185,732,17879,132,15030,2717,275,8,111,156,16291,212,16079
2017.05,금천구,85778,102,78783,6893,67376,26,63382,3968,4694,12,4189,493,13558,61,11157,2340,150,3,55,92,11735,44,11691
2017.05,영등포구,145963,321,135898,9744,118066,109,113664,4293,6084,40,5667,377,20707,159,16092,4456,1106,13,475,618,16647,174,16473
2017.05,동작구,104699,286,101656,2757,91182,87,89916,1179,3831,48,3665,118,9291,138,7988,1165,395,13,87,295,15166,197,14969
2017.05,관악구,122301,271,116351,5679,103634,63,100276,3295,5377,38,5045,294,13049,159,10989,1901,241,11,41,189,24750,294,24456
2017.05,서초구,179492,596,168538,10358,155925,258,151423,4244,5715,157,4759,799,17507,168,12201,5138,345,13,155,177,14389,292,14097
2017.05,강남구,241346,354,220982,20010,216440,119,199663,16658,7170,45,6035,1090,17382,174,15119,2089,354,16,165,173,16965,359,16606
2017.05,송파구,228701,342,216440,11919,194130,92,188017,6021,7956,85,6266,1605,26305,157,22069,4079,310,8,88,214,18892,244,18648
2017.05,강동구,139367,231,130796,8340,117716,68,112246,5402,5452,36,4835,581,15903,122,13659,2122,296,5,56,235,16684,155,16529
2017.05,기타,-,-,-,-,-,-,-,-,-,-,-,-,-,-,-,-,-,-,-,-,13,-,13
2017.06,서울시,3107935,11566,2899436,196933,2627009,4218,2502743,120048,130959,3189,111528,16242,342549,3814,282928,55807,7418,345,2237,4836,452818,4635,448183
2017.06,종로구,50049,3674,44798,1577,40373,1743,38178,452,3994,1469,2203,322,5500,374,4386,740,182,88,31,63,13350,341,13009
2017.06,중구,50771,999,46001,3771,39768,251,37933,1584,3517,548,2627,342,7295,185,5374,1736,191,15,67,109,14885,249,14636
2017.06,용산구,75290,358,72667,2265,64993,138,63725,1130,2868,52,2749,67,7294,157,6112,1025,135,11,81,43,16204,200,16004
2017.06,성동구,101951,278,92170,9503,86663,91,79323,7249,3760,35,3174,551,11341,142,9611,1588,187,10,62,115,20695,120,20575
2017.06,광진구,97578,285,91776,5517,81676,77,78513,3086,4304,46,3557,701,11333,155,9683,1495,265,7,23,235,18612,201,18411
2017.06,동대문구,97666,290,91668,5708,79429,99,76252,3078,4381,54,4123,204,13679,127,11237,2315,177,10,56,111,24266,227,24039
2017.06,중랑구,113164,197,103383,9584,91610,44,85512,6054,5442,34,4863,545,15723,103,12936,2684,389,16,72,301,24413,99,24314
2017.06,성북구,117262,263,111566,5433,99902,94,97187,2621,5814,33,4670,1111,11424,126,9671,1627,122,10,38,74,26323,168,26155
2017.06,강북구,77707,290,72617,4800,63676,83,60816,2777,4400,50,3607,743,9487,140,8158,1189,144,17,36,91,22026,75,21951
2017.06,도봉구,97308,239,89473,7596,81914,63,76542,5309,4250,38,3779,433,10941,132,9103,1706,203,6,49,148,14698,160,14538
2017.06,노원구,156092,259,146353,9480,135244,61,128959,6224,6530,46,5496,988,14005,143,11843,2019,313,9,55,249,15261,68,15193
2017.06,은평구,128089,241,120982,6866,108164,79,104055,4030,5898,33,5083,782,13788,120,11785,1883,239,9,59,171,21066,109,20957
2017.06,서대문구,85623,437,79846,5340,72788,177,69703,2908,3757,93,3281,383,8805,157,6814,1834,273,10,48,215,14981,167,14814
2017.06,마포구,117060,307,109727,7026,99441,82,95334,4025,4836,53,4050,733,12558,155,10253,2150,225,17,90,118,17396,179,17217
2017.06,양천구,150541,332,141494,8715,128162,123,123182,4857,5804,53,4924,827,16049,148,13279,2622,526,8,109,409,18214,136,18078
2017.06,강서구,199965,313,183967,15685,169413,99,158438,10876,8385,40,6883,1462,21812,164,18528,3120,355,10,118,227,18664,167,18497
2017.06,구로구,142647,256,130302,12089,117520,65,108955,8500,6947,50,6175,722,17902,133,15061,2708,278,8,111,159,16310,212,16098
2017.06,금천구,85837,104,78968,6765,67484,27,63588,3869,4671,12,4168,491,13540,62,11158,2320,142,3,54,85,11767,43,11724
2017.06,영등포구,146216,334,136126,9756,118249,111,113838,4300,6125,43,5693,389,20733,166,16119,4448,1109,14,476,619,16703,174,16529
2017.06,동작구,104783,295,101738,2750,91319,90,90054,1175,3804,48,3638,118,9262,143,7958,1161,398,14,88,296,15196,197,14999
2017.06,관악구,122330,280,116365,5685,103727,74,100341,3312,5357,36,5028,293,13001,159,10954,1888,245,11,42,192,24722,293,24429
2017.06,서초구,179481,597,168552,10332,155909,259,151467,4183,5687,155,4733,799,17541,170,12197,5174,344,13,155,176,14366,292,14074
2017.06,강남구,241811,361,221163,20287,217012,124,199909,16979,7085,46,5982,1057,17354,175,15101,2078,360,16,171,173,16992,359,16633
2017.06,송파구,229291,340,216841,12110,194782,92,188562,6128,7917,86,6236,1595,26279,154,21956,4169,313,8,87,218,18965,244,18721
2017.06,강동구,139423,237,130893,8293,117791,72,112377,5342,5426,36,4806,584,15903,124,13651,2128,303,5,59,239,16730,155,16575
2017.06,기타,-,-,-,-,-,-,-,-,-,-,-,-,-,-,-,-,-,-,-,-,13,-,13
2017.07,서울시,3112120,11702,2902138,198280,2632029,4258,2506311,121460,130384,3249,110890,16245,342268,3834,282690,55744,7439,361,2247,4831,453281,4638,448643
2017.07,종로구,50307,3726,44998,1583,40600,1772,38370,458,4020,1480,2218,322,5502,386,4377,739,185,88,33,64,13368,348,13020
2017.07,중구,50756,1002,46029,3725,39762,250,37985,1527,3486,551,2597,338,7319,186,5380,1753,189,15,67,107,14887,249,14638
2017.07,용산구,75234,356,72603,2275,64973,135,63699,1139,2852,52,2733,67,7270,158,6087,1025,139,11,84,44,16205,202,16003
2017.07,성동구,102580,285,92311,9984,87290,92,79477,7721,3741,37,3147,557,11360,144,9624,1592,189,12,63,114,20754,120,20634
2017.07,광진구,97757,288,92023,5446,81930,77,78783,3070,4281,49,3543,689,11280,155,9672,1453,266,7,25,234,18658,201,18457
2017.07,동대문구,97734,299,91714,5721,79518,103,76306,3109,4378,56,4117,205,13660,129,11235,2296,178,11,56,111,24288,226,24062
2017.07,중랑구,113571,203,103760,9608,92005,45,85887,6073,5430,37,4842,551,15745,105,12960,2680,391,16,71,304,24354,100,24254
2017.07,성북구,117360,271,111740,5349,100000,94,97364,2542,5790,33,4643,1114,11444,133,9691,1620,126,11,42,73,26371,167,26204
2017.07,강북구,77691,292,72607,4792,63702,83,60851,2768,4384,52,3590,742,9459,139,8131,1189,146,18,35,93,21999,75,21924
2017.07,도봉구,97344,236,89547,7561,82013,72,76655,5286,4229,39,3756,434,10902,119,9085,1698,200,6,51,143,14729,160,14569
2017.07,노원구,156003,267,146203,9533,135219,62,128861,6296,6487,47,5452,988,13981,148,11835,1998,316,10,55,251,15248,68,15180
2017.07,은평구,128192,245,121087,6860,108330,81,104215,4034,5856,33,5045,778,13767,121,11771,1875,239,10,56,173,21044,106,20938
2017.07,서대문구,85739,420,79982,5337,72934,175,69850,2909,3734,96,3254,384,8801,139,6832,1830,270,10,46,214,14990,166,14824
2017.07,마포구,117149,321,109826,7002,99556,83,95463,4010,4807,55,4021,731,12561,164,10250,2147,225,19,92,114,17392,179,17213
2017.07,양천구,150632,329,141596,8707,128292,123,123336,4833,5777,55,4893,829,16034,143,13259,2632,529,8,108,413,18382,137,18245
2017.07,강서구,200210,320,184089,15801,169792,100,158705,10987,8302,41,6801,1460,21759,166,18464,3129,357,13,119,225,18694,165,18529
2017.07,구로구,143462,262,130475,12725,118323,63,109115,9145,6935,54,6156,725,17922,136,15089,2697,282,9,115,158,16313,212,16101
2017.07,금천구,85957,103,79104,6750,67632,27,63735,3870,4672,13,4165,494,13508,60,11146,2302,145,3,58,84,11745,43,11702
2017.07,영등포구,146508,337,136417,9754,118539,112,114128,4299,6109,45,5682,382,20760,166,16136,4458,1100,14,471,615,16693,178,16515
2017.07,동작구,105022,299,101882,2841,91538,89,90191,1258,3807,51,3636,120,9272,145,7967,1160,405,14,88,303,15204,197,15007
2017.07,관악구,122226,288,116348,5590,103689,76,100392,3221,5323,38,4994,291,12971,162,10921,1888,243,12,41,190,24710,291,24419
2017.07,서초구,179941,605,169006,10330,156354,258,151922,4174,5695,161,4729,805,17550,172,12202,5176,342,14,153,175,14586,292,14294
2017.07,강남구,241805,366,221101,20338,217022,125,199876,17021,7036,48,5925,1063,17380,177,15125,2078,367,16,175,176,16949,359,16590
2017.07,송파구,229765,341,217038,12386,195441,89,188959,6393,7866,88,6184,1594,26148,155,21809,4184,310,9,86,215,18998,242,18756
2017.07,강동구,139175,241,130652,8282,117575,72,112186,5317,5387,38,4767,582,15913,126,13642,2145,300,5,57,238,16707,155,16552
2017.07,기타,-,-,-,-,-,-,-,-,-,-,-,-,-,-,-,-,-,-,-,-,13,-,13
2017.08,서울시,3113550,11780,2902546,199224,2634497,4289,2507762,122446,129771,3237,110276,16258,341818,3889,282249,55680,7464,365,2259,4840,453636,4636,449000
2017.08,종로구,50498,3731,45181,1586,40811,1785,38572,454,3992,1469,2200,323,5508,387,4376,745,187,90,33,64,13439,358,13081
2017.08,중구,50966,1004,46206,3756,39958,247,38160,1551,3491,551,2604,336,7323,191,5374,1758,194,15,68,111,14958,249,14709
2017.08,용산구,75339,359,72675,2305,65078,133,63791,1154,2846,52,2725,69,7277,163,6076,1038,138,11,83,44,16196,202,15994
2017.08,성동구,103210,311,92651,10248,87937,94,79857,7986,3721,44,3120,557,11359,157,9609,1593,193,16,65,112,20757,124,20633
2017.08,광진구,97937,270,92215,5452,82176,73,79029,3074,4259,42,3528,689,11237,149,9635,1453,265,6,23,236,18640,197,18443
2017.08,동대문구,97826,302,91758,5766,79704,106,76442,3156,4341,57,4076,208,13602,128,11182,2292,179,11,58,110,24323,226,24097
2017.08,중랑구,113835,203,104008,9624,92302,45,86160,6097,5419,37,4828,554,15726,105,12952,2669,388,16,68,304,24356,100,24256
2017.08,성북구,117423,271,111720,5432,100100,95,97401,2604,5821,33,4638,1150,11380,132,9642,1606,122,11,39,72,26418,167,26251
2017.08,강북구,77791,293,72718,4780,63791,82,60956,2753,4377,51,3584,742,9474,142,8142,1190,149,18,36,95,22048,75,21973
2017.08,도봉구,97412,244,89619,7549,82119,79,76763,5277,4204,39,3732,433,10890,120,9074,1696,199,6,50,143,14731,160,14571
2017.08,노원구,155718,267,146003,9448,135041,62,128760,6219,6455,47,5423,985,13906,148,11762,1996,316,10,58,248,15222,63,15159
2017.08,은평구,128353,242,121247,6864,108555,81,104434,4040,5834,32,5024,778,13722,119,11732,1871,242,10,57,175,21042,106,20936
2017.08,서대문구,85809,424,80057,5328,73022,175,69940,2907,3711,95,3230,386,8805,143,6842,1820,271,11,45,215,14980,165,14815
2017.08,마포구,116851,321,109796,6734,99395,84,95438,3873,4779,55,3998,726,12446,164,10265,2017,231,18,95,118,17449,179,17270
2017.08,양천구,150746,327,141686,8733,128383,123,123456,4804,5753,56,4868,829,16074,140,13251,2683,536,8,111,417,18503,135,18368
2017.08,강서구,200033,319,183811,15903,169644,100,158518,11026,8183,42,6731,1410,21842,164,18439,3239,364,13,123,228,18707,170,18537
2017.08,구로구,143900,264,130430,13206,118802,65,109112,9625,6946,54,6160,732,17868,136,15042,2690,284,9,116,159,16319,198,16121
2017.08,금천구,85934,103,79177,6654,67632,27,63834,3771,4668,13,4160,495,13492,60,11127,2305,142,3,56,83,11734,43,11691
2017.08,영등포구,146313,350,136213,9750,118383,121,113959,4303,6078,46,5653,379,20754,169,16128,4457,1098,14,473,611,16660,174,16486
2017.08,동작구,104953,305,101859,2789,91550,90,90204,1256,3771,51,3600,120,9227,150,7967,1110,405,14,88,303,15206,200,15006
2017.08,관악구,122259,300,116397,5562,103760,79,100475,3206,5299,40,4968,291,12960,169,10913,1878,240,12,41,187,24757,291,24466
2017.08,서초구,179666,602,168879,10185,156080,256,151799,4025,5673,160,4696,817,17572,172,12232,5168,341,14,152,175,14528,293,14235
2017.08,강남구,241904,375,220640,20889,217206,124,199539,17543,6996,48,5865,1083,17333,187,15057,2089,369,16,179,174,16895,363,16532
2017.08,송파구,230170,341,217432,12397,195870,90,189369,6411,7821,85,6148,1588,26170,158,21830,4182,309,8,85,216,19068,243,18825
2017.08,강동구,138704,252,130168,8284,117198,73,111794,5331,5333,38,4717,578,15871,136,13600,2135,302,5,57,240,16687,155,16532
2017.08,기타,-,-,-,-,-,-,-,-,-,-,-,-,-,-,-,-,-,-,-,-,13,-,13
2017.09,서울시,3115764,11724,2904536,199504,2638236,4247,2511226,122763,129093,3260,109611,16222,340956,3859,281424,55673,7479,358,2275,4846,453873,4627,449246
2017.09,종로구,50571,3691,45286,1594,40892,1729,38703,460,3994,1499,2176,319,5497,375,4374,748,188,88,33,67,13432,358,13074
2017.09,중구,51184,1017,46404,3763,40170,260,38374,1536,3481,554,2593,334,7336,188,5367,1781,197,15,70,112,14956,250,14706
2017.09,용산구,75530,361,72911,2258,65322,135,64042,1145,2839,53,2718,68,7234,162,6069,1003,135,11,82,42,16237,203,16034
2017.09,성동구,102759,313,92884,9562,87505,95,80116,7294,3713,42,3107,564,11345,158,9595,1592,196,18,66,112,20844,124,20720
2017.09,광진구,98256,265,92462,5529,82509,72,79307,3130,4232,40,3492,700,11251,148,9640,1463,264,5,23,236,18663,197,18466
2017.09,동대문구,97643,302,91878,5463,79814,107,76612,3095,4307,57,4047,203,13346,128,11163,2055,176,10,56,110,24307,225,24082
2017.09,중랑구,114014,203,104130,9681,92533,46,86346,6141,5392,36,4800,556,15694,105,12914,2675,395,16,70,309,24412,100,24312
2017.09,성북구,117480,265,111752,5463,100187,92,97473,2622,5841,33,4638,1170,11330,131,9604,1595,122,9,37,76,26494,166,26328
2017.09,강북구,77905,291,72859,4755,63915,82,61098,2735,4346,51,3554,741,9496,139,8171,1186,148,19,36,93,22004,74,21930
2017.09,도봉구,97502,243,89742,7517,82230,78,76912,5240,4192,39,3718,435,10876,120,9058,1698,204,6,54,144,14752,160,14592
2017.09,노원구,155498,267,145811,9420,134911,63,128656,6192,6417,47,5385,985,13853,148,11710,1995,317,9,60,248,15198,62,15136
2017.09,은평구,128656,240,121557,6859,108865,81,104747,4037,5811,32,5000,779,13730,118,11748,1864,250,9,62,179,21049,104,20945
2017.09,서대문구,85938,421,80177,5340,73173,174,70080,2919,3698,96,3215,387,8790,140,6833,1817,277,11,49,217,15005,164,14841
2017.09,마포구,116753,329,109733,6691,99400,92,95467,3841,4747,54,3974,719,12374,165,10195,2014,232,18,97,117,17456,179,17277
2017.09,양천구,150835,324,141741,8770,128527,121,123558,4848,5702,56,4814,832,16079,139,13264,2676,527,8,105,414,18634,135,18499
2017.09,강서구,200673,318,184393,15962,170248,100,159060,11088,8118,42,6680,1396,21942,165,18527,3250,365,11,126,228,18736,169,18567
2017.09,구로구,144358,256,130435,13667,119382,65,109214,10103,6896,51,6123,722,17793,132,14976,2685,287,8,122,157,16313,198,16115
2017.09,금천구,86079,103,79345,6631,67798,27,64014,3757,4654,13,4149,492,13487,60,11128,2299,140,3,54,83,11730,43,11687
2017.09,영등포구,145798,350,135733,9715,118442,118,114056,4268,6019,46,5616,357,20241,170,15591,4480,1096,16,470,610,16615,174,16441
2017.09,동작구,105039,300,101950,2789,91678,89,90328,1261,3740,51,3569,120,9214,147,7960,1107,407,13,93,301,15205,198,15007
2017.09,관악구,122319,300,116448,5571,103858,79,100562,3217,5274,40,4943,291,12948,170,10902,1876,239,11,41,187,24803,291,24512
2017.09,서초구,179680,584,168917,10179,156144,247,151894,4003,5619,153,4653,813,17577,171,12218,5188,340,13,152,175,14326,291,14035
2017.09,강남구,242248,380,220558,21310,217592,127,199486,17979,6963,49,5842,1072,17325,187,15052,2086,368,17,178,173,16881,364,16517
2017.09,송파구,230661,340,217841,12480,196428,88,189829,6511,7774,88,6106,1580,26149,156,21821,4172,310,8,85,217,19148,243,18905
2017.09,강동구,138385,261,129589,8535,116713,80,111292,5341,5324,38,4699,587,16049,137,13544,2368,299,6,54,239,16661,155,16506
2017.09,기타,-,-,-,-,-,-,-,-,-,-,-,-,-,-,-,-,-,-,-,-,12,-,12
,,,,,,,,,,,,,,,,,,,,,,,,
