기간,자치구,총이동,총이동,총이동,총이동,총이동,총이동,시ㆍ도내이동,시ㆍ도내이동,시ㆍ도내이동,시ㆍ도내이동,시ㆍ도내이동,시ㆍ도내이동,시ㆍ도내이동,시ㆍ도내이동,시ㆍ도내이동,시ㆍ도간이동,시ㆍ도간이동,시ㆍ도간이동,시ㆍ도간이동,시ㆍ도간이동,시ㆍ도간이동,순이동,순이동,순이동
기간,자치구,총전입(①+②+④),총전입(①+②+④),총전입(①+②+④),총전출(①+③+⑤),총전출(①+③+⑤),총전출(①+③+⑤),구내이동(①),구내이동(①),구내이동(①),구간이동,구간이동,구간이동,구간이동,구간이동,구간이동,전입(④),전입(④),전입(④),전출(⑤),전출(⑤),전출(⑤),순이동,순이동,순이동
기간,자치구,총전입(①+②+④),총전입(①+②+④),총전입(①+②+④),총전출(①+③+⑤),총전출(①+③+⑤),총전출(①+③+⑤),구내이동(①),구내이동(①),구내이동(①),전입(②),전입(②),전입(②),전출(③),전출(③),전출(③),전입(④),전입(④),전입(④),전출(⑤),전출(⑤),전출(⑤),순이동,순이동,순이동
기간,자치구,소계,남자,여자,소계,남자,여자,소계,남자,여자,계,남자,여자,계,남자,여자,계,남자,여자,계,남자,여자,계,남자,여자
2016.01,서울특별시,"113,095","55,186","57,909","119,949","59,503","60,446","31,903","15,427","16,476","41,674","20,483","21,191","41,674","20,483","21,191","39,518","19,276","20,242","46,372","23,593","22,779","-6,854","-4,317","-2,537"
2016.01,종로구,"1,853",929,924,"2,008","1,017",991,282,144,138,874,424,450,989,493,496,697,361,336,737,380,357,-155,-88,-67
2016.01,중구,"1,479",758,721,"1,646",846,800,232,116,116,730,379,351,841,428,413,517,263,254,573,302,271,-167,-88,-79
2016.01,용산구,2567,1243,1324,2906,1434,1472,484,253,231,1092,534,558,1231,598,633,991,456,535,1191,583,608,-339,-191,-148
2016.01,성동구,2980,1497,1483,3182,1649,1533,562,288,274,1375,669,706,1477,754,723,1043,540,503,1143,607,536,-202,-152,-50
2016.01,광진구,3932,1838,2094,4290,2132,2158,993,470,523,1484,698,786,1618,796,822,1455,670,785,1679,866,813,-358,-294,-64
2016.01,동대문구,3664,1909,1755,3902,2021,1881,925,478,447,1429,743,686,1484,736,748,1310,688,622,1493,807,686,-238,-112,-126
2016.01,중랑구,3976,1971,2005,4112,2012,2100,1340,655,685,1411,709,702,1158,567,591,1225,607,618,1614,790,824,-136,-41,-95
2016.01,성북구,4288,2051,2237,4788,2378,2410,1152,568,584,1625,791,834,2003,993,1010,1511,692,819,1633,817,816,-500,-327,-173
2016.01,강북구,2920,1446,1474,3288,1640,1648,985,464,521,1132,567,565,1299,628,671,803,415,388,1004,548,456,-368,-194,-174
2016.01,도봉구,3091,1491,1600,3302,1595,1707,961,453,508,1199,568,631,1102,508,594,931,470,461,1239,634,605,-211,-104,-107
2016.01,노원구,5374,2566,2808,6284,3065,3219,1824,848,976,1844,883,961,1898,913,985,1706,835,871,2562,1304,1258,-910,-499,-411
2016.01,은평구,5440,2610,2830,5868,2862,3006,2306,1091,1215,1565,770,795,1500,731,769,1569,749,820,2062,1040,1022,-428,-252,-176
2016.01,서대문구,4992,2420,2572,3826,1864,1962,1013,473,540,2258,1103,1155,1416,693,723,1721,844,877,1397,698,699,1166,556,610
2016.01,마포구,4622,2137,2485,5146,2478,2668,1098,511,587,1850,855,995,2256,1107,1149,1674,771,903,1792,860,932,-524,-341,-183
2016.01,양천구,4659,2338,2321,5082,2502,2580,1375,675,700,1804,916,888,1941,935,1006,1480,747,733,1766,892,874,-423,-164,-259
2016.01,강서구,6786,3253,3533,6364,3166,3198,2183,1050,1133,2349,1132,1217,1713,848,865,2254,1071,1183,2468,1268,1200,422,87,335
2016.01,구로구,4011,1946,2065,4340,2190,2150,888,441,447,1442,701,741,1411,718,693,1681,804,877,2041,1031,1010,-329,-244,-85
2016.01,금천구,2345,1211,1134,2565,1369,1196,591,298,293,679,367,312,733,408,325,1075,546,529,1241,663,578,-220,-158,-62
2016.01,영등포구,5317,2703,2614,5453,2763,2690,1328,706,622,2034,989,1045,2072,1021,1051,1955,1008,947,2053,1036,1017,-136,-60,-76
2016.01,동작구,4948,2396,2552,5141,2509,2632,977,461,516,2002,966,1036,2049,983,1066,1969,969,1000,2115,1065,1050,-193,-113,-80
2016.01,관악구,7141,3610,3531,6869,3583,3286,1727,843,884,2115,1100,1015,2318,1205,1113,3299,1667,1632,2824,1535,1289,272,27,245
2016.01,서초구,5280,2528,2752,5767,2772,2995,1250,577,673,2262,1119,1143,2302,1083,1219,1768,832,936,2215,1112,1103,-487,-244,-243
2016.01,강남구,7970,3796,4174,8625,4200,4425,2218,1033,1185,2887,1412,1475,3058,1517,1541,2865,1351,1514,3349,1650,1699,-655,-404,-251
2016.01,송파구,8050,3860,4190,8797,4281,4516,2777,1340,1437,2722,1330,1392,2433,1169,1264,2551,1190,1361,3587,1772,1815,-747,-421,-326
2016.01,강동구,5410,2679,2731,6398,3175,3223,2432,1191,1241,1510,758,752,1372,651,721,1468,730,738,2594,1333,1261,-988,-496,-492
2016.02,서울특별시,145256,71790,73466,153467,76465,77002,39614,19224,20390,54295,26879,27416,54295,26879,27416,51347,25687,25660,59558,30362,29196,-8211,-4675,-3536
2016.02,종로구,2599,1306,1293,2539,1252,1287,334,153,181,1226,616,610,1346,654,692,1039,537,502,859,445,414,60,54,6
2016.02,중구,2114,1062,1052,2195,1140,1055,382,203,179,991,492,499,1124,571,553,741,367,374,689,366,323,-81,-78,-3
2016.02,용산구,3416,1681,1735,3688,1834,1854,610,291,319,1458,737,721,1719,837,882,1348,653,695,1359,706,653,-272,-153,-119
2016.02,성동구,4080,2079,2001,4406,2292,2114,787,386,401,1842,911,931,2072,1056,1016,1451,782,669,1547,850,697,-326,-213,-113
2016.02,광진구,5397,2540,2857,5526,2702,2824,1360,632,728,2106,990,1116,2056,1002,1054,1931,918,1013,2110,1068,1042,-129,-162,33
2016.02,동대문구,5016,2552,2464,5255,2683,2572,1139,559,580,1657,852,805,2148,1078,1070,2220,1141,1079,1968,1046,922,-239,-131,-108
2016.02,중랑구,4952,2504,2448,5239,2632,2607,1753,862,891,1766,920,846,1527,775,752,1433,722,711,1959,995,964,-287,-128,-159
2016.02,성북구,6122,2939,3183,6384,3111,3273,1391,668,723,2434,1185,1249,2619,1269,1350,2297,1086,1211,2374,1174,1200,-262,-172,-90
2016.02,강북구,3672,1826,1846,3949,1984,1965,1038,533,505,1491,761,730,1599,768,831,1143,532,611,1312,683,629,-277,-158,-119
2016.02,도봉구,3604,1768,1836,4001,1992,2009,1156,554,602,1415,704,711,1418,682,736,1033,510,523,1427,756,671,-397,-224,-173
2016.02,노원구,7796,3907,3889,7926,3925,4001,2496,1228,1268,2635,1309,1326,2282,1091,1191,2665,1370,1295,3148,1606,1542,-130,-18,-112
2016.02,은평구,6318,3079,3239,6976,3367,3609,2509,1184,1325,1876,941,935,1876,925,951,1933,954,979,2591,1258,1333,-658,-288,-370
2016.02,서대문구,6037,2880,3157,4723,2334,2389,1231,576,655,2646,1270,1376,1817,866,951,2160,1034,1126,1675,892,783,1314,546,768
2016.02,마포구,6165,2920,3245,6376,3085,3291,1287,595,692,2552,1219,1333,2828,1389,1439,2326,1106,1220,2261,1101,1160,-211,-165,-46
2016.02,양천구,6233,3098,3135,6901,3455,3446,1944,939,1005,2488,1242,1246,2574,1311,1263,1801,917,884,2383,1205,1178,-668,-357,-311
2016.02,강서구,7858,3826,4032,7728,3840,3888,2420,1136,1284,2757,1366,1391,2217,1111,1106,2681,1324,1357,3091,1593,1498,130,-14,144
2016.02,구로구,4893,2482,2411,5255,2648,2607,1031,526,505,1824,942,882,1771,887,884,2038,1014,1024,2453,1235,1218,-362,-166,-196
2016.02,금천구,2726,1448,1278,3022,1617,1405,735,390,345,781,416,365,896,491,405,1210,642,568,1391,736,655,-296,-169,-127
2016.02,영등포구,6625,3319,3306,6810,3435,3375,1448,730,718,2734,1342,1392,2730,1350,1380,2443,1247,1196,2632,1355,1277,-185,-116,-69
2016.02,동작구,6883,3402,3481,6789,3394,3395,1290,642,648,2885,1414,1471,2786,1348,1438,2708,1346,1362,2713,1404,1309,94,8,86
2016.02,관악구,9173,4794,4379,8887,4597,4290,2221,1117,1104,2685,1380,1305,2986,1532,1454,4267,2297,1970,3680,1948,1732,286,197,89
2016.02,서초구,7100,3417,3683,7876,3816,4060,1778,844,934,3078,1490,1588,3214,1561,1653,2244,1083,1161,2884,1411,1473,-776,-399,-377
2016.02,강남구,10421,5015,5406,11346,5535,5811,3260,1528,1732,3808,1857,1951,3860,1902,1958,3353,1630,1723,4226,2105,2121,-925,-520,-405
2016.02,송파구,9659,4728,4931,11843,5820,6023,3197,1545,1652,3340,1614,1726,3003,1493,1510,3122,1569,1553,5643,2782,2861,-2184,-1092,-1092
2016.02,강동구,6397,3218,3179,7827,3975,3852,2817,1403,1414,1820,909,911,1827,930,897,1760,906,854,3183,1642,1541,-1430,-757,-673
2016.03,서울특별시,140880,70480,70400,149700,75152,74548,42822,20817,22005,51518,25571,25947,51518,25571,25947,46540,24092,22448,55360,28764,26596,-8820,-4672,-4148
2016.03,종로구,2847,1439,1408,2679,1382,1297,462,224,238,1078,552,526,1369,697,672,1307,663,644,848,461,387,168,57,111
2016.03,중구,2115,1098,1017,1941,1018,923,366,171,195,1079,560,519,970,506,464,670,367,303,605,341,264,174,80,94
2016.03,용산구,3479,1728,1751,3769,1934,1835,808,397,411,1475,720,755,1611,818,793,1196,611,585,1350,719,631,-290,-206,-84
2016.03,성동구,3882,1961,1921,4152,2106,2046,907,453,454,1771,878,893,1826,903,923,1204,630,574,1419,750,669,-270,-145,-125
2016.03,광진구,5444,2683,2761,5671,2853,2818,1552,763,789,2022,980,1042,2056,1037,1019,1870,940,930,2063,1053,1010,-227,-170,-57
2016.03,동대문구,5020,2600,2420,5170,2719,2451,1335,662,673,1935,984,951,2014,1075,939,1750,954,796,1821,982,839,-150,-119,-31
2016.03,중랑구,5744,2866,2878,5928,2983,2945,2203,1094,1109,2037,1004,1033,1670,832,838,1504,768,736,2055,1057,998,-184,-117,-67
2016.03,성북구,5938,2838,3100,6310,3064,3246,1798,845,953,2226,1077,1149,2459,1183,1276,1914,916,998,2053,1036,1017,-372,-226,-146
2016.03,강북구,4135,2085,2050,4434,2263,2171,1452,742,710,1675,841,834,1717,835,882,1008,502,506,1265,686,579,-299,-178,-121
2016.03,도봉구,4033,2000,2033,4296,2179,2117,1337,668,669,1624,793,831,1518,746,772,1072,539,533,1441,765,676,-263,-179,-84
2016.03,노원구,7778,3946,3832,7692,3818,3874,2539,1221,1318,2628,1295,1333,2372,1169,1203,2611,1430,1181,2781,1428,1353,86,128,-42
2016.03,은평구,7135,3474,3661,7748,3880,3868,3103,1516,1587,2206,1047,1159,2074,1033,1041,1826,911,915,2571,1331,1240,-613,-406,-207
2016.03,서대문구,5607,2702,2905,4767,2288,2479,1246,565,681,2601,1273,1328,1847,870,977,1760,864,896,1674,853,821,840,414,426
2016.03,마포구,6400,3125,3275,6902,3354,3548,1871,897,974,2432,1168,1264,2762,1333,1429,2097,1060,1037,2269,1124,1145,-502,-229,-273
2016.03,양천구,4827,2406,2421,5769,2894,2875,1610,762,848,1869,946,923,2145,1063,1082,1348,698,650,2014,1069,945,-942,-488,-454
2016.03,강서구,7810,3888,3922,7531,3747,3784,2369,1141,1228,2889,1424,1465,2087,1035,1052,2552,1323,1229,3075,1571,1504,279,141,138
2016.03,구로구,4914,2421,2493,5078,2551,2527,1192,586,606,1696,817,879,1577,768,809,2026,1018,1008,2309,1197,1112,-164,-130,-34
2016.03,금천구,2974,1571,1403,3214,1710,1504,863,444,419,873,449,424,890,464,426,1238,678,560,1461,802,659,-240,-139,-101
2016.03,영등포구,5988,3032,2956,6321,3239,3082,1573,773,800,2236,1134,1102,2494,1247,1247,2179,1125,1054,2254,1219,1035,-333,-207,-126
2016.03,동작구,6197,3021,3176,5995,2934,3061,1365,644,721,2535,1231,1304,2426,1151,1275,2297,1146,1151,2204,1139,1065,202,87,115
2016.03,관악구,9513,5195,4318,9259,4853,4406,2521,1299,1222,2856,1512,1344,3012,1548,1464,4136,2384,1752,3726,2006,1720,254,342,-88
2016.03,서초구,6098,2945,3153,6691,3215,3476,1612,739,873,2570,1224,1346,2635,1252,1383,1916,982,934,2444,1224,1220,-593,-270,-323
2016.03,강남구,8360,4088,4272,10605,5218,5387,2757,1294,1463,2746,1359,1387,3781,1869,1912,2857,1435,1422,4067,2055,2012,-2245,-1130,-1115
2016.03,송파구,8715,4372,4343,10291,5148,5143,3186,1530,1656,2914,1493,1421,2536,1272,1264,2615,1349,1266,4569,2346,2223,-1576,-776,-800
2016.03,강동구,5927,2996,2931,7487,3802,3685,2795,1387,1408,1545,810,735,1670,865,805,1587,799,788,3022,1550,1472,-1560,-806,-754
2016.04,서울특별시,117029,57911,59118,127687,63506,64181,39716,19184,20532,43565,21396,22169,43565,21396,22169,33748,17331,16417,44406,22926,21480,-10658,-5595,-5063
2016.04,종로구,1769,906,863,2033,1044,989,337,165,172,840,420,420,1131,563,568,592,321,271,565,316,249,-264,-138,-126
2016.04,중구,1646,845,801,1685,847,838,335,173,162,817,408,409,886,433,453,494,264,230,464,241,223,-39,-2,-37
2016.04,용산구,2691,1327,1364,2950,1440,1510,684,305,379,1145,584,561,1273,627,646,862,438,424,993,508,485,-259,-113,-146
2016.04,성동구,3374,1704,1670,3457,1742,1715,796,384,412,1630,813,817,1561,778,783,948,507,441,1100,580,520,-83,-38,-45
2016.04,광진구,4659,2280,2379,4997,2457,2540,1573,756,817,1755,841,914,1708,826,882,1331,683,648,1716,875,841,-338,-177,-161
2016.04,동대문구,3839,1959,1880,4288,2174,2114,1156,558,598,1555,791,764,1639,815,824,1128,610,518,1493,801,692,-449,-215,-234
2016.04,중랑구,5061,2493,2568,5156,2574,2582,2195,1094,1101,1698,839,859,1385,667,718,1168,560,608,1576,813,763,-95,-81,-14
2016.04,성북구,4500,2195,2305,5079,2532,2547,1462,698,764,1847,898,949,2046,1025,1021,1191,599,592,1571,809,762,-579,-337,-242
2016.04,강북구,3707,1858,1849,3935,2007,1928,1466,747,719,1487,729,758,1412,696,716,754,382,372,1057,564,493,-228,-149,-79
2016.04,도봉구,3491,1761,1730,3749,1871,1878,1246,627,619,1396,701,695,1274,605,669,849,433,416,1229,639,590,-258,-110,-148
2016.04,노원구,6049,2899,3150,6202,3065,3137,2342,1107,1235,2268,1077,1191,1803,880,923,1439,715,724,2057,1078,979,-153,-166,13
2016.04,은평구,6523,3139,3384,7234,3545,3689,3181,1495,1686,1971,956,1015,1704,855,849,1371,688,683,2349,1195,1154,-711,-406,-305
2016.04,서대문구,4724,2334,2390,4300,2095,2205,1332,615,717,2175,1078,1097,1584,763,821,1217,641,576,1384,717,667,424,239,185
2016.04,마포구,5298,2559,2739,6276,3130,3146,1818,881,937,1871,880,991,2663,1326,1337,1609,798,811,1795,923,872,-978,-571,-407
2016.04,양천구,4374,2172,2202,5175,2570,2605,1609,768,841,1722,849,873,1820,895,925,1043,555,488,1746,907,839,-801,-398,-403
2016.04,강서구,6686,3228,3458,6643,3305,3338,2217,1065,1152,2533,1213,1320,1960,970,990,1936,950,986,2466,1270,1196,43,-77,120
2016.04,구로구,4176,2114,2062,4767,2431,2336,1249,648,601,1443,735,708,1426,706,720,1484,731,753,2092,1077,1015,-591,-317,-274
2016.04,금천구,2746,1398,1348,2872,1470,1402,1007,489,518,771,395,376,700,352,348,968,514,454,1165,629,536,-126,-72,-54
2016.04,영등포구,4756,2383,2373,5123,2554,2569,1287,627,660,1844,908,936,2055,1014,1041,1625,848,777,1781,913,868,-367,-171,-196
2016.04,동작구,5004,2484,2520,4980,2429,2551,1217,571,646,2176,1055,1121,1978,959,1019,1611,858,753,1785,899,886,24,55,-31
2016.04,관악구,7369,3856,3513,7716,3969,3747,2218,1107,1111,2209,1162,1047,2504,1240,1264,2942,1587,1355,2994,1622,1372,-347,-113,-234
2016.04,서초구,4928,2378,2550,5483,2632,2851,1250,594,656,2152,1015,1137,2339,1092,1247,1526,769,757,1894,946,948,-555,-254,-301
2016.04,강남구,6944,3331,3613,8535,4090,4445,2393,1115,1278,2321,1121,1200,3114,1499,1615,2230,1095,1135,3028,1476,1552,-1591,-759,-832
2016.04,송파구,7463,3717,3746,8420,4174,4246,2784,1349,1435,2533,1254,1279,2115,1026,1089,2146,1114,1032,3521,1799,1722,-957,-457,-500
2016.04,강동구,5252,2591,2661,6632,3359,3273,2562,1246,1316,1406,674,732,1485,784,701,1284,671,613,2585,1329,1256,-1380,-768,-612
2016.05,서울특별시,123743,61140,62603,135701,67507,68194,43795,21197,22598,46114,22715,23399,46114,22715,23399,33834,17228,16606,45792,23595,22197,-11958,-6367,-5591
2016.05,종로구,1761,887,874,2099,1071,1028,349,165,184,853,425,428,1114,554,560,559,297,262,636,352,284,-338,-184,-154
2016.05,중구,1526,760,766,1783,934,849,338,166,172,773,379,394,949,504,445,415,215,200,496,264,232,-257,-174,-83
2016.05,용산구,2790,1409,1381,3108,1540,1568,748,363,385,1182,594,588,1389,673,716,860,452,408,971,504,467,-318,-131,-187
2016.05,성동구,4204,2078,2126,3747,1880,1867,1025,486,539,2163,1068,1095,1517,748,769,1016,524,492,1205,646,559,457,198,259
2016.05,광진구,4532,2255,2277,5154,2556,2598,1605,781,824,1695,852,843,1831,910,921,1232,622,610,1718,865,853,-622,-301,-321
2016.05,동대문구,3896,1990,1906,4543,2344,2199,1247,608,639,1553,797,756,1869,984,885,1096,585,511,1427,752,675,-647,-354,-293
2016.05,중랑구,5222,2604,2618,5368,2684,2684,2359,1158,1201,1792,885,907,1429,690,739,1071,561,510,1580,836,744,-146,-80,-66
2016.05,성북구,4666,2297,2369,5485,2747,2738,1614,791,823,1912,941,971,2226,1105,1121,1140,565,575,1645,851,794,-819,-450,-369
2016.05,강북구,3760,1870,1890,4227,2087,2140,1467,706,761,1519,749,770,1601,784,817,774,415,359,1159,597,562,-467,-217,-250
2016.05,도봉구,4017,1958,2059,4078,1997,2081,1482,699,783,1716,839,877,1328,633,695,819,420,399,1268,665,603,-61,-39,-22
2016.05,노원구,5687,2774,2913,6028,2903,3125,2196,1036,1160,2053,1024,1029,1826,851,975,1438,714,724,2006,1016,990,-341,-129,-212
2016.05,은평구,7179,3492,3687,7751,3774,3977,3520,1690,1830,2190,1078,1112,1799,868,931,1469,724,745,2432,1216,1216,-572,-282,-290
2016.05,서대문구,5052,2423,2629,5218,2587,2631,1825,874,951,2068,976,1092,2009,989,1020,1159,573,586,1384,724,660,-166,-164,-2
2016.05,마포구,5175,2528,2647,6001,2912,3089,1681,820,861,2013,949,1064,2542,1219,1323,1481,759,722,1778,873,905,-826,-384,-442
2016.05,양천구,5394,2659,2735,6030,2993,3037,2164,1056,1108,2023,1014,1009,1979,952,1027,1207,589,618,1887,985,902,-636,-334,-302
2016.05,강서구,7548,3642,3906,7539,3718,3821,2686,1266,1420,2618,1280,1338,2154,1061,1093,2244,1096,1148,2699,1391,1308,9,-76,85
2016.05,구로구,4634,2255,2379,4909,2423,2486,1338,637,701,1678,817,861,1488,727,761,1618,801,817,2083,1059,1024,-275,-168,-107
2016.05,금천구,2848,1465,1383,3043,1577,1466,1005,498,507,920,461,459,776,409,367,923,506,417,1262,670,592,-195,-112,-83
2016.05,영등포구,4838,2487,2351,5422,2756,2666,1536,785,751,1776,919,857,2113,1043,1070,1526,783,743,1773,928,845,-584,-269,-315
2016.05,동작구,5292,2588,2704,5246,2610,2636,1348,651,697,2348,1134,1214,2123,1041,1082,1596,803,793,1775,918,857,46,-22,68
2016.05,관악구,7631,3997,3634,7969,4137,3832,2481,1273,1208,2347,1196,1151,2704,1402,1302,2803,1528,1275,2784,1462,1322,-338,-140,-198
2016.05,서초구,4979,2356,2623,5536,2664,2872,1292,569,723,2201,1051,1150,2396,1154,1242,1486,736,750,1848,941,907,-557,-308,-249
2016.05,강남구,7392,3556,3836,8718,4253,4465,2475,1172,1303,2598,1261,1337,3212,1582,1630,2319,1123,1196,3031,1499,1532,-1326,-697,-629
2016.05,송파구,7781,3807,3974,8808,4373,4435,2951,1425,1526,2609,1262,1347,2205,1090,1115,2221,1120,1101,3652,1858,1794,-1027,-566,-461
2016.05,강동구,5939,3003,2936,7891,3987,3904,3063,1522,1541,1514,764,750,1535,742,793,1362,717,645,3293,1723,1570,-1952,-984,-968
2016.06,서울특별시,119398,58946,60452,131462,65283,66179,39891,19448,20443,45649,22481,23168,45649,22481,23168,33858,17017,16841,45922,23354,22568,-12064,-6337,-5727
2016.06,종로구,1819,906,913,2199,1124,1075,365,177,188,909,465,444,1142,570,572,545,264,281,692,377,315,-380,-218,-162
2016.06,중구,1533,767,766,1740,888,852,310,153,157,806,405,401,974,480,494,417,209,208,456,255,201,-207,-121,-86
2016.06,용산구,2709,1354,1355,3019,1502,1517,643,326,317,1220,597,623,1370,665,705,846,431,415,1006,511,495,-310,-148,-162
2016.06,성동구,4061,2042,2019,3870,1929,1941,1081,528,553,2036,1017,1019,1623,789,834,944,497,447,1166,612,554,191,113,78
2016.06,광진구,4530,2197,2333,4919,2469,2450,1480,714,766,1697,832,865,1700,848,852,1353,651,702,1739,907,832,-389,-272,-117
2016.06,동대문구,3812,1966,1846,4634,2336,2298,1210,590,620,1491,780,711,1837,937,900,1111,596,515,1587,809,778,-822,-370,-452
2016.06,중랑구,5132,2580,2552,5469,2690,2779,2135,1034,1101,1844,944,900,1383,652,731,1153,602,551,1951,1004,947,-337,-110,-227
2016.06,성북구,4620,2224,2396,5378,2625,2753,1571,752,819,1930,927,1003,2299,1124,1175,1119,545,574,1508,749,759,-758,-401,-357
2016.06,강북구,3894,1941,1953,4166,2085,2081,1393,685,708,1714,852,862,1572,774,798,787,404,383,1201,626,575,-272,-144,-128
2016.06,도봉구,3684,1852,1832,3924,2003,1921,1317,662,655,1543,762,781,1291,644,647,824,428,396,1316,697,619,-240,-151,-89
2016.06,노원구,4950,2360,2590,5910,2892,3018,1722,825,897,1799,877,922,1881,879,1002,1429,658,771,2307,1188,1119,-960,-532,-428
2016.06,은평구,6553,3183,3370,7122,3474,3648,2942,1413,1529,2186,1068,1118,1788,879,909,1425,702,723,2392,1182,1210,-569,-291,-278
2016.06,서대문구,5032,2430,2602,5150,2543,2607,1816,877,939,2062,999,1063,1883,950,933,1154,554,600,1451,716,735,-118,-113,-5
2016.06,마포구,5027,2437,2590,5934,2889,3045,1615,765,850,1894,929,965,2528,1234,1294,1518,743,775,1791,890,901,-907,-452,-455
2016.06,양천구,5863,2916,2947,6147,3130,3017,2354,1191,1163,2207,1062,1145,1927,948,979,1302,663,639,1866,991,875,-284,-214,-70
2016.06,강서구,7003,3463,3540,7344,3596,3748,2450,1179,1271,2465,1241,1224,2152,1068,1084,2088,1043,1045,2742,1349,1393,-341,-133,-208
2016.06,구로구,4464,2192,2272,4759,2421,2338,1294,642,652,1530,736,794,1471,764,707,1640,814,826,1994,1015,979,-295,-229,-66
2016.06,금천구,2573,1335,1238,2843,1492,1351,892,471,421,820,398,422,760,377,383,861,466,395,1191,644,547,-270,-157,-113
2016.06,영등포구,4387,2222,2165,5469,2728,2741,1323,658,665,1643,819,824,2287,1127,1160,1421,745,676,1859,943,916,-1082,-506,-576
2016.06,동작구,5126,2505,2621,5077,2539,2538,1245,609,636,2346,1123,1223,2049,1016,1033,1535,773,762,1783,914,869,49,-34,83
2016.06,관악구,7103,3730,3373,7680,3981,3699,2254,1150,1104,2158,1124,1034,2644,1340,1304,2691,1456,1235,2782,1491,1291,-577,-251,-326
2016.06,서초구,5349,2527,2822,5435,2566,2869,1279,573,706,2460,1181,1279,2345,1130,1215,1610,773,837,1811,863,948,-86,-39,-47
2016.06,강남구,7381,3536,3845,8236,3934,4302,2196,1022,1174,2696,1299,1397,3170,1524,1646,2489,1215,1274,2870,1388,1482,-855,-398,-457
2016.06,송파구,7659,3716,3943,8349,4087,4262,2682,1300,1382,2745,1319,1426,2110,1014,1096,2232,1097,1135,3557,1773,1784,-690,-371,-319
2016.06,강동구,5134,2565,2569,6689,3360,3329,2322,1152,1170,1448,725,723,1463,748,715,1364,688,676,2904,1460,1444,-1555,-795,-760
2016.07,서울특별시,110156,54931,55225,123001,61664,61337,36219,17658,18561,41759,20846,20913,41759,20846,20913,32178,16427,15751,45023,23160,21863,-12845,-6733,-6112
2016.07,종로구,1675,857,818,1921,998,923,345,175,170,801,414,387,941,480,461,529,268,261,635,343,292,-246,-141,-105
2016.07,중구,1528,785,743,1581,816,765,290,154,136,786,393,393,875,443,432,452,238,214,416,219,197,-53,-31,-22
2016.07,용산구,2551,1290,1261,2813,1382,1431,592,295,297,1166,588,578,1239,602,637,793,407,386,982,485,497,-262,-92,-170
2016.07,성동구,3280,1620,1660,3366,1691,1675,772,380,392,1612,782,830,1492,764,728,896,458,438,1102,547,555,-86,-71,-15
2016.07,광진구,4052,2041,2011,4441,2216,2225,1201,571,630,1629,834,795,1611,820,791,1222,636,586,1629,825,804,-389,-175,-214
2016.07,동대문구,3618,1909,1709,4267,2234,2033,1103,565,538,1443,751,692,1668,862,806,1072,593,479,1496,807,689,-649,-325,-324
2016.07,중랑구,4562,2290,2272,5129,2586,2543,1872,911,961,1637,819,818,1212,593,619,1053,560,493,2045,1082,963,-567,-296,-271
2016.07,성북구,4497,2182,2315,5695,2811,2884,1624,757,867,1759,863,896,2367,1194,1173,1114,562,552,1704,860,844,-1198,-629,-569
2016.07,강북구,3576,1757,1819,3807,1864,1943,1227,581,646,1605,783,822,1447,697,750,744,393,351,1133,586,547,-231,-107,-124
2016.07,도봉구,3192,1589,1603,3747,1888,1859,1135,549,586,1300,657,643,1304,632,672,757,383,374,1308,707,601,-555,-299,-256
2016.07,노원구,4950,2461,2489,6018,3000,3018,1795,884,911,1895,932,963,1717,836,881,1260,645,615,2506,1280,1226,-1068,-539,-529
2016.07,은평구,5789,2792,2997,6267,3076,3191,2567,1217,1350,1817,897,920,1436,722,714,1405,678,727,2264,1137,1127,-478,-284,-194
2016.07,서대문구,3787,1861,1926,4279,2137,2142,1201,567,634,1487,751,736,1697,848,849,1099,543,556,1381,722,659,-492,-276,-216
2016.07,마포구,4479,2135,2344,5177,2539,2638,1313,623,690,1719,828,891,2200,1064,1136,1447,684,763,1664,852,812,-698,-404,-294
2016.07,양천구,5323,2630,2693,5689,2836,2853,2010,984,1026,2110,1041,1069,1794,883,911,1203,605,598,1885,969,916,-366,-206,-160
2016.07,강서구,7018,3459,3559,7826,3892,3934,2550,1246,1304,2407,1196,1211,1972,967,1005,2061,1017,1044,3304,1679,1625,-808,-433,-375
2016.07,구로구,3980,2032,1948,4527,2265,2262,1151,568,583,1387,715,672,1332,686,646,1442,749,693,2044,1011,1033,-547,-233,-314
2016.07,금천구,2322,1211,1111,2577,1342,1235,819,414,405,729,389,340,612,317,295,774,408,366,1146,611,535,-255,-131,-124
2016.07,영등포구,4406,2284,2122,5491,2839,2652,1481,755,726,1562,820,742,2203,1149,1054,1363,709,654,1807,935,872,-1085,-555,-530
2016.07,동작구,4357,2212,2145,4696,2365,2331,963,453,510,2001,1007,994,1946,983,963,1393,752,641,1787,929,858,-339,-153,-186
2016.07,관악구,6630,3490,3140,6923,3598,3325,1966,985,981,2072,1097,975,2312,1210,1102,2592,1408,1184,2645,1403,1242,-293,-108,-185
2016.07,서초구,5333,2578,2755,5427,2616,2811,1443,712,731,2288,1076,1212,2113,986,1127,1602,790,812,1871,918,953,-94,-38,-56
2016.07,강남구,7276,3554,3722,8120,3967,4153,2308,1124,1184,2555,1241,1314,3049,1449,1600,2413,1189,1224,2763,1394,1369,-844,-413,-431
2016.07,송파구,7480,3657,3823,7766,3954,3812,2526,1223,1303,2669,1299,1370,2026,1049,977,2285,1135,1150,3214,1682,1532,-286,-297,11
2016.07,강동구,4495,2255,2240,5451,2752,2699,1965,965,1000,1323,673,650,1194,610,584,1207,617,590,2292,1177,1115,-956,-497,-459
2016.08,서울특별시,132319,65871,66448,146990,73706,73284,41768,20401,21367,50642,25204,25438,50642,25204,25438,39909,20266,19643,54580,28101,26479,-14671,-7835,-6836
2016.08,종로구,2018,1010,1008,2294,1155,1139,350,166,184,977,487,490,1199,606,593,691,357,334,745,383,362,-276,-145,-131
2016.08,중구,1904,994,910,1772,923,849,293,157,136,1009,513,496,914,454,460,602,324,278,565,312,253,132,71,61
2016.08,용산구,2885,1479,1406,3391,1703,1688,686,343,343,1257,661,596,1521,743,778,942,475,467,1184,617,567,-506,-224,-282
2016.08,성동구,4131,2039,2092,4180,2080,2100,984,475,509,1952,961,991,1829,914,915,1195,603,592,1367,691,676,-49,-41,-8
2016.08,광진구,4844,2408,2436,5208,2597,2611,1375,672,703,1873,937,936,1874,944,930,1596,799,797,1959,981,978,-364,-189,-175
2016.08,동대문구,4083,2104,1979,4781,2441,2340,1084,517,567,1632,825,807,1985,1016,969,1367,762,605,1712,908,804,-698,-337,-361
2016.08,중랑구,5376,2711,2665,6039,2965,3074,2180,1076,1104,1929,979,950,1599,780,819,1267,656,611,2260,1109,1151,-663,-254,-409
2016.08,성북구,5529,2713,2816,6768,3346,3422,1889,887,1002,2149,1074,1075,2856,1416,1440,1491,752,739,2023,1043,980,-1239,-633,-606
2016.08,강북구,4203,2132,2071,4404,2230,2174,1430,695,735,1913,999,914,1735,886,849,860,438,422,1239,649,590,-201,-98,-103
2016.08,도봉구,3996,1982,2014,4377,2224,2153,1370,676,694,1693,854,839,1469,732,737,933,452,481,1538,816,722,-381,-242,-139
2016.08,노원구,5988,2958,3030,6946,3514,3432,2075,1018,1057,2191,1067,1124,2033,1012,1021,1722,873,849,2838,1484,1354,-958,-556,-402
2016.08,은평구,6211,3051,3160,6900,3446,3454,2728,1313,1415,1971,987,984,1742,893,849,1512,751,761,2430,1240,1190,-689,-395,-294
2016.08,서대문구,4095,2009,2086,4720,2381,2339,1138,561,577,1730,835,895,1933,988,945,1227,613,614,1649,832,817,-625,-372,-253
2016.08,마포구,5179,2455,2724,6184,2984,3200,1496,734,762,1906,900,1006,2728,1299,1429,1777,821,956,1960,951,1009,-1005,-529,-476
2016.08,양천구,6563,3274,3289,6919,3512,3407,2387,1181,1206,2656,1334,1322,2349,1197,1152,1520,759,761,2183,1134,1049,-356,-238,-118
2016.08,강서구,9712,4772,4940,9148,4532,4616,3419,1617,1802,3730,1863,1867,2344,1174,1170,2563,1292,1271,3385,1741,1644,564,240,324
2016.08,구로구,4708,2272,2436,5822,2885,2937,1209,572,637,1625,785,840,1902,925,977,1874,915,959,2711,1388,1323,-1114,-613,-501
2016.08,금천구,2640,1387,1253,3132,1643,1489,835,439,396,828,417,411,821,412,409,977,531,446,1476,792,684,-492,-256,-236
2016.08,영등포구,5489,2813,2676,6760,3468,3292,1710,867,843,2050,1079,971,2696,1358,1338,1729,867,862,2354,1243,1111,-1271,-655,-616
2016.08,동작구,5583,2811,2772,5741,2921,2820,1280,624,656,2471,1219,1252,2299,1158,1141,1832,968,864,2162,1139,1023,-158,-110,-48
2016.08,관악구,7800,4110,3690,8542,4423,4119,2291,1191,1100,2365,1203,1162,2819,1414,1405,3144,1716,1428,3432,1818,1614,-742,-313,-429
2016.08,서초구,5819,2769,3050,6163,3005,3158,1411,659,752,2613,1250,1363,2530,1224,1306,1795,860,935,2222,1122,1100,-344,-236,-108
2016.08,강남구,8715,4262,4453,9512,4637,4875,2580,1214,1366,3168,1553,1615,3448,1674,1774,2967,1495,1472,3484,1749,1735,-797,-375,-422
2016.08,송파구,9371,4606,4765,10085,5047,5038,3228,1576,1652,3396,1646,1750,2523,1243,1280,2747,1384,1363,4334,2228,2106,-714,-441,-273
2016.08,강동구,5477,2750,2727,7202,3644,3558,2340,1171,1169,1558,776,782,1494,742,752,1579,803,776,3368,1731,1637,-1725,-894,-831
2016.09,서울특별시,117840,58562,59278,128750,64268,64482,39165,18938,20227,45495,22674,22821,45495,22674,22821,33180,16950,16230,44090,22656,21434,-10910,-5706,-5204
2016.09,종로구,1845,880,965,2053,1033,1020,306,142,164,861,410,451,1137,565,572,678,328,350,610,326,284,-208,-153,-55
2016.09,중구,1567,825,742,1629,854,775,287,145,142,846,450,396,894,462,432,434,230,204,448,247,201,-62,-29,-33
2016.09,용산구,2490,1249,1241,2950,1408,1542,638,299,339,1114,561,553,1419,670,749,738,389,349,893,439,454,-460,-159,-301
2016.09,성동구,3327,1681,1646,3596,1829,1767,774,384,390,1610,810,800,1722,886,836,943,487,456,1100,559,541,-269,-148,-121
2016.09,광진구,4234,2133,2101,4560,2265,2295,1339,640,699,1666,854,812,1607,786,821,1229,639,590,1614,839,775,-326,-132,-194
2016.09,동대문구,3725,1880,1845,4140,2114,2026,1145,556,589,1475,741,734,1630,843,787,1105,583,522,1365,715,650,-415,-234,-181
2016.09,중랑구,4668,2335,2333,4988,2490,2498,2003,965,1038,1520,776,744,1349,684,665,1145,594,551,1636,841,795,-320,-155,-165
2016.09,성북구,4565,2234,2331,5601,2786,2815,1661,794,867,1770,872,898,2435,1208,1227,1134,568,566,1505,784,721,-1036,-552,-484
2016.09,강북구,3505,1760,1745,3807,1923,1884,1263,642,621,1534,773,761,1487,750,737,708,345,363,1057,531,526,-302,-163,-139
2016.09,도봉구,3607,1824,1783,3882,1963,1919,1316,649,667,1492,729,763,1204,616,588,799,446,353,1362,698,664,-275,-139,-136
2016.09,노원구,5326,2581,2745,6145,3009,3136,2017,955,1062,1839,901,938,1942,942,1000,1470,725,745,2186,1112,1074,-819,-428,-391
2016.09,은평구,5510,2711,2799,6011,2995,3016,2396,1153,1243,1775,898,877,1566,780,786,1339,660,679,2049,1062,987,-501,-284,-217
2016.09,서대문구,3574,1753,1821,4009,1989,2020,878,400,478,1611,800,811,1842,907,935,1085,553,532,1289,682,607,-435,-236,-199
2016.09,마포구,4735,2299,2436,5632,2681,2951,1429,675,754,1810,884,926,2447,1186,1261,1496,740,756,1756,820,936,-897,-382,-515
2016.09,양천구,5184,2543,2641,5808,2853,2955,1936,917,1019,2149,1089,1060,2109,1045,1064,1099,537,562,1763,891,872,-624,-310,-314
2016.09,강서구,8764,4312,4452,7999,3987,4012,3243,1550,1693,3420,1710,1710,2002,1010,992,2101,1052,1049,2754,1427,1327,765,325,440
2016.09,구로구,4318,2171,2147,5062,2584,2478,1264,623,641,1566,803,763,1563,800,763,1488,745,743,2235,1161,1074,-744,-413,-331
2016.09,금천구,2359,1255,1104,2781,1472,1309,755,384,371,765,406,359,717,378,339,839,465,374,1309,710,599,-422,-217,-205
2016.09,영등포구,4664,2404,2260,6151,3142,3009,1522,779,743,1732,885,847,2647,1320,1327,1410,740,670,1982,1043,939,-1487,-738,-749
2016.09,동작구,5575,2752,2823,5498,2768,2730,1489,709,780,2518,1218,1300,2197,1085,1112,1568,825,743,1812,974,838,77,-16,93
2016.09,관악구,6823,3637,3186,7549,3956,3593,2103,1101,1002,2165,1130,1035,2585,1319,1266,2555,1406,1149,2861,1536,1325,-726,-319,-407
2016.09,서초구,6026,2876,3150,5552,2686,2866,1592,738,854,2865,1361,1504,2227,1073,1154,1569,777,792,1733,875,858,474,190,284
2016.09,강남구,7318,3488,3830,8088,3907,4181,2322,1067,1255,2834,1366,1468,3122,1534,1588,2162,1055,1107,2644,1306,1338,-770,-419,-351
2016.09,송파구,8393,4136,4257,8620,4268,4352,3005,1454,1551,2826,1383,1443,2414,1184,1230,2562,1299,1263,3201,1630,1571,-227,-132,-95
2016.09,강동구,5738,2843,2895,6639,3306,3333,2482,1217,1265,1732,864,868,1231,641,590,1524,762,762,2926,1448,1478,-901,-463,-438
2016.1,서울특별시,133610,65919,67691,146868,72963,73905,46315,22491,23824,51582,25499,26083,51582,25499,26083,35713,17929,17784,48971,24973,23998,-13258,-7044,-6214
2016.1,종로구,1861,902,959,2114,1037,1077,358,169,189,920,448,472,1166,585,581,583,285,298,590,283,307,-253,-135,-118
2016.1,중구,1822,897,925,1814,943,871,384,182,202,946,472,474,969,524,445,492,243,249,461,237,224,8,-46,54
2016.1,용산구,2757,1331,1426,3336,1646,1690,632,292,340,1237,592,645,1639,805,834,888,447,441,1065,549,516,-579,-315,-264
2016.1,성동구,3534,1749,1785,4322,2178,2144,1049,529,520,1631,805,826,1967,962,1005,854,415,439,1306,687,619,-788,-429,-359
2016.1,광진구,4576,2257,2319,5228,2573,2655,1582,765,817,1767,860,907,1860,919,941,1227,632,595,1786,889,897,-652,-316,-336
2016.1,동대문구,4468,2278,2190,4924,2491,2433,1373,697,676,1894,969,925,1978,989,989,1201,612,589,1573,805,768,-456,-213,-243
2016.1,중랑구,5594,2789,2805,5926,2992,2934,2425,1214,1211,1886,922,964,1575,801,774,1283,653,630,1926,977,949,-332,-203,-129
2016.1,성북구,5168,2538,2630,6108,3017,3091,1886,881,1005,2109,1058,1051,2493,1240,1253,1173,599,574,1729,896,833,-940,-479,-461
2016.1,강북구,3888,1995,1893,4494,2257,2237,1489,760,729,1580,806,774,1751,866,885,819,429,390,1254,631,623,-606,-262,-344
2016.1,도봉구,4256,2133,2123,4356,2198,2158,1572,770,802,1767,893,874,1403,704,699,917,470,447,1381,724,657,-100,-65,-35
2016.1,노원구,6367,3133,3234,7361,3642,3719,2495,1201,1294,2231,1072,1159,2316,1148,1168,1641,860,781,2550,1293,1257,-994,-509,-485
2016.1,은평구,6240,3044,3196,7038,3436,3602,2892,1392,1500,1908,939,969,1763,865,898,1440,713,727,2383,1179,1204,-798,-392,-406
2016.1,서대문구,4107,1956,2151,4385,2082,2303,1106,502,604,1864,905,959,1903,908,995,1137,549,588,1376,672,704,-278,-126,-152
2016.1,마포구,5008,2418,2590,6279,3056,3223,1533,715,818,1987,968,1019,2905,1386,1519,1488,735,753,1841,955,886,-1271,-638,-633
2016.1,양천구,5784,2840,2944,6823,3318,3505,2229,1084,1145,2339,1162,1177,2655,1265,1390,1216,594,622,1939,969,970,-1039,-478,-561
2016.1,강서구,9642,4716,4926,8981,4445,4536,3638,1767,1871,3708,1820,1888,2206,1088,1118,2296,1129,1167,3137,1590,1547,661,271,390
2016.1,구로구,4766,2352,2414,5650,2806,2844,1325,645,680,1798,914,884,1769,876,893,1643,793,850,2556,1285,1271,-884,-454,-430
2016.1,금천구,2804,1446,1358,3233,1681,1552,955,472,483,919,456,463,892,464,428,930,518,412,1386,745,641,-429,-235,-194
2016.1,영등포구,5043,2573,2470,6400,3259,3141,1476,763,713,2002,1016,986,2809,1428,1381,1565,794,771,2115,1068,1047,-1357,-686,-671
2016.1,동작구,6140,3054,3086,6323,3193,3130,1751,856,895,2859,1428,1431,2649,1332,1317,1530,770,760,1923,1005,918,-183,-139,-44
2016.1,관악구,7325,3777,3548,8211,4283,3928,2310,1176,1134,2362,1206,1156,2952,1480,1472,2653,1395,1258,2949,1627,1322,-886,-506,-380
2016.1,서초구,7410,3548,3862,6813,3316,3497,2486,1194,1292,3049,1452,1597,2557,1247,1310,1875,902,973,1770,875,895,597,232,365
2016.1,강남구,7656,3732,3924,8325,4005,4320,2282,1057,1225,3055,1524,1531,3324,1602,1722,2319,1151,1168,2719,1346,1373,-669,-273,-396
2016.1,송파구,10931,5277,5654,10247,5076,5171,3995,1916,2079,3846,1858,1988,2564,1288,1276,3090,1503,1587,3688,1872,1816,684,201,483
2016.1,강동구,6463,3184,3279,8177,4033,4144,3092,1492,1600,1918,954,964,1517,727,790,1453,738,715,3568,1814,1754,-1714,-849,-865
2016.11,서울특별시,130166,64061,66105,144748,71579,73169,44637,21613,23024,50777,25035,25742,50777,25035,25742,34752,17413,17339,49334,24931,24403,-14582,-7518,-7064
2016.11,종로구,1683,816,867,2063,1026,1037,294,134,160,855,414,441,1140,559,581,534,268,266,629,333,296,-380,-210,-170
2016.11,중구,1557,745,812,1729,873,856,248,120,128,916,439,477,981,501,480,393,186,207,500,252,248,-172,-128,-44
2016.11,용산구,2904,1428,1476,3400,1640,1760,721,357,364,1276,635,641,1577,744,833,907,436,471,1102,539,563,-496,-212,-284
2016.11,성동구,4401,2187,2214,4255,2132,2123,1158,561,597,2155,1043,1112,1809,913,896,1088,583,505,1288,658,630,146,55,91
2016.11,광진구,4541,2196,2345,5205,2574,2631,1494,723,771,1775,866,909,1939,970,969,1272,607,665,1772,881,891,-664,-378,-286
2016.11,동대문구,4206,2118,2088,4750,2480,2270,1266,627,639,1806,903,903,1958,1047,911,1134,588,546,1526,806,720,-544,-362,-182
2016.11,중랑구,5248,2636,2612,5692,2863,2829,2124,1050,1074,2017,1042,975,1604,808,796,1107,544,563,1964,1005,959,-444,-227,-217
2016.11,성북구,4996,2448,2548,6155,3001,3154,1822,874,948,2016,1023,993,2567,1260,1307,1158,551,607,1766,867,899,-1159,-553,-606
2016.11,강북구,3852,1884,1968,4396,2158,2238,1494,711,783,1614,793,821,1675,812,863,744,380,364,1227,635,592,-544,-274,-270
2016.11,도봉구,4116,2002,2114,4546,2233,2313,1596,751,845,1667,819,848,1449,710,739,853,432,421,1501,772,729,-430,-231,-199
2016.11,노원구,6133,2974,3159,7330,3566,3764,2524,1184,1340,2182,1058,1124,2206,1103,1103,1427,732,695,2600,1279,1321,-1197,-592,-605
2016.11,은평구,6186,2961,3225,7034,3396,3638,2876,1349,1527,1981,966,1015,1704,831,873,1329,646,683,2454,1216,1238,-848,-435,-413
2016.11,서대문구,3856,1847,2009,4315,2061,2254,1053,477,576,1776,861,915,1894,905,989,1027,509,518,1368,679,689,-459,-214,-245
2016.11,마포구,5402,2552,2850,6481,3116,3365,1672,794,878,2170,1020,1150,2802,1377,1425,1560,738,822,2007,945,1062,-1079,-564,-515
2016.11,양천구,5624,2775,2849,7110,3530,3580,2336,1150,1186,2031,986,1045,2650,1322,1328,1257,639,618,2124,1058,1066,-1486,-755,-731
2016.11,강서구,8922,4395,4527,8022,3980,4042,3177,1539,1638,3545,1785,1760,2015,1009,1006,2200,1071,1129,2830,1432,1398,900,415,485
2016.11,구로구,4794,2322,2472,5538,2748,2790,1421,692,729,1844,888,956,1581,768,813,1529,742,787,2536,1288,1248,-744,-426,-318
2016.11,금천구,2876,1473,1403,3213,1619,1594,979,473,506,986,508,478,877,429,448,911,492,419,1357,717,640,-337,-146,-191
2016.11,영등포구,4925,2527,2398,6153,3156,2997,1478,777,701,1898,960,938,2621,1321,1300,1549,790,759,2054,1058,996,-1228,-629,-599
2016.11,동작구,5630,2747,2883,6165,3087,3078,1523,751,772,2559,1218,1341,2493,1244,1249,1548,778,770,2149,1092,1057,-535,-340,-195
2016.11,관악구,7357,3804,3553,8285,4299,3986,2356,1209,1147,2419,1243,1176,2865,1471,1394,2582,1352,1230,3064,1619,1445,-928,-495,-433
2016.11,서초구,6575,3198,3377,6733,3278,3455,1976,967,1009,2786,1358,1428,2712,1284,1428,1813,873,940,2045,1027,1018,-158,-80,-78
2016.11,강남구,7807,3834,3973,9208,4404,4804,2486,1178,1308,2923,1461,1462,3716,1768,1948,2398,1195,1203,3006,1458,1548,-1401,-570,-831
2016.11,송파구,10392,5117,5275,9640,4751,4889,3729,1797,1932,3756,1847,1909,2440,1166,1274,2907,1473,1434,3471,1788,1683,752,366,386
2016.11,강동구,6183,3075,3108,7330,3608,3722,2834,1368,1466,1824,899,925,1502,713,789,1525,808,717,2994,1527,1467,-1147,-533,-614
2016.12,서울특별시,132110,65013,67097,147536,73155,74381,41877,20347,21530,51123,25286,25837,51123,25286,25837,39110,19380,19730,54536,27522,27014,-15426,-8142,-7284
2016.12,종로구,1874,940,934,2384,1190,1194,363,179,184,941,454,487,1239,606,633,570,307,263,782,405,377,-510,-250,-260
2016.12,중구,1804,906,898,2140,1063,1077,379,194,185,883,438,445,1241,612,629,542,274,268,520,257,263,-336,-157,-179
2016.12,용산구,2885,1423,1462,3285,1617,1668,635,298,337,1295,632,663,1383,677,706,955,493,462,1267,642,625,-400,-194,-206
2016.12,성동구,6375,3153,3222,4453,2211,2242,1425,705,720,3545,1723,1822,1647,825,822,1405,725,680,1381,681,700,1922,942,980
2016.12,광진구,4621,2249,2372,5247,2586,2661,1389,653,736,1788,872,916,1910,964,946,1444,724,720,1948,969,979,-626,-337,-289
2016.12,동대문구,4244,2160,2084,4968,2493,2475,1224,588,636,1782,948,834,1971,1003,968,1238,624,614,1773,902,871,-724,-333,-391
2016.12,중랑구,5031,2475,2556,5777,2899,2878,2019,991,1028,1814,896,918,1526,754,772,1198,588,610,2232,1154,1078,-746,-424,-322
2016.12,성북구,5111,2520,2591,6645,3326,3319,1823,869,954,1981,974,1007,2774,1404,1370,1307,677,630,2048,1053,995,-1534,-806,-728
2016.12,강북구,3679,1834,1845,4040,2020,2020,1251,628,623,1612,806,806,1482,728,754,816,400,416,1307,664,643,-361,-186,-175
2016.12,도봉구,3749,1860,1889,4349,2147,2202,1257,606,651,1498,759,739,1471,721,750,994,495,499,1621,820,801,-600,-287,-313
2016.12,노원구,5851,2852,2999,7334,3544,3790,2115,1005,1110,2100,1056,1044,2087,997,1090,1636,791,845,3132,1542,1590,-1483,-692,-791
2016.12,은평구,5780,2741,3039,6976,3393,3583,2433,1124,1309,1809,885,924,1788,880,908,1538,732,806,2755,1389,1366,-1196,-652,-544
2016.12,서대문구,4289,2078,2211,4544,2208,2336,1078,545,533,1975,943,1032,1841,877,964,1236,590,646,1625,786,839,-255,-130,-125
2016.12,마포구,5152,2425,2727,6405,3118,3287,1435,720,715,2093,953,1140,2847,1368,1479,1624,752,872,2123,1030,1093,-1253,-693,-560
2016.12,양천구,5557,2781,2776,6951,3464,3487,2113,1048,1065,1983,1019,964,2570,1249,1321,1461,714,747,2268,1167,1101,-1394,-683,-711
2016.12,강서구,8103,3964,4139,7886,3867,4019,2711,1266,1445,3043,1558,1485,2044,1059,985,2349,1140,1209,3131,1542,1589,217,97,120
2016.12,구로구,4710,2343,2367,5851,2944,2907,1360,670,690,1611,809,802,1914,959,955,1739,864,875,2577,1315,1262,-1141,-601,-540
2016.12,금천구,5657,2879,2778,4033,2092,1941,2015,1030,985,1942,993,949,695,357,338,1700,856,844,1323,705,618,1624,787,837
2016.12,영등포구,4870,2434,2436,6232,3164,3068,1218,613,605,1911,935,976,2666,1334,1332,1741,886,855,2348,1217,1131,-1362,-730,-632
2016.12,동작구,5690,2758,2932,6592,3255,3337,1515,721,794,2401,1167,1234,2610,1289,1321,1774,870,904,2467,1245,1222,-902,-497,-405
2016.12,관악구,7333,3786,3547,8289,4282,4007,2054,1062,992,2342,1218,1124,2891,1464,1427,2937,1506,1431,3344,1756,1588,-956,-496,-460
2016.12,서초구,6239,3044,3195,6843,3334,3509,1731,838,893,2675,1311,1364,2705,1278,1427,1833,895,938,2407,1218,1189,-604,-290,-314
2016.12,강남구,8118,3919,4199,9631,4658,4973,2550,1184,1366,2934,1435,1499,3620,1751,1869,2634,1300,1334,3461,1723,1738,-1513,-739,-774
2016.12,송파구,9841,4749,5092,9869,4858,5011,3445,1658,1787,3426,1642,1784,2642,1350,1292,2970,1449,1521,3782,1850,1932,-28,-109,81
2016.12,강동구,5547,2740,2807,6812,3422,3390,2339,1152,1187,1739,860,879,1559,780,779,1469,728,741,2914,1490,1424,-1265,-682,-583
2017.01,서울특별시,114655,56209,58446,117173,58332,58841,31151,15253,15898,42425,20854,21571,42425,20854,21571,41079,20102,20977,43597,22225,21372,-2518,-2123,-395
2017.01,종로구,1513,761,752,1836,925,911,219,104,115,728,382,346,938,468,470,566,275,291,679,353,326,-323,-164,-159
2017.01,중구,1377,700,677,1671,822,849,201,105,96,689,351,338,1003,481,522,487,244,243,467,236,231,-294,-122,-172
2017.01,용산구,2602,1297,1305,2852,1452,1400,483,239,244,1085,555,530,1270,635,635,1034,503,531,1099,578,521,-250,-155,-95
2017.01,성동구,5362,2656,2706,3656,1863,1793,1126,552,574,2646,1299,1347,1454,731,723,1590,805,785,1076,580,496,1706,793,913
2017.01,광진구,3992,1883,2109,4022,1968,2054,1010,479,531,1375,654,721,1476,711,765,1607,750,857,1536,778,758,-30,-85,55
2017.01,동대문구,3727,1879,1848,4200,2119,2081,894,465,429,1378,692,686,1764,876,888,1455,722,733,1542,778,764,-473,-240,-233
2017.01,중랑구,3785,1908,1877,4134,2137,1997,1309,683,626,1367,663,704,1185,600,585,1109,562,547,1640,854,786,-349,-229,-120
2017.01,성북구,4756,2346,2410,5506,2686,2820,1546,732,814,1735,889,846,2216,1082,1134,1475,725,750,1744,872,872,-750,-340,-410
2017.01,강북구,2830,1352,1478,3088,1542,1546,840,404,436,1183,568,615,1202,598,604,807,380,427,1046,540,506,-258,-190,-68
2017.01,도봉구,2818,1363,1455,3186,1602,1584,848,408,440,1067,506,561,1145,567,578,903,449,454,1193,627,566,-368,-239,-129
2017.01,노원구,4949,2430,2519,5806,2803,3003,1636,773,863,1575,770,805,1786,825,961,1738,887,851,2384,1205,1179,-857,-373,-484
2017.01,은평구,4579,2216,2363,4920,2387,2533,1624,758,866,1531,753,778,1291,598,693,1424,705,719,2005,1031,974,-341,-171,-170
2017.01,서대문구,3809,1850,1959,3601,1795,1806,766,394,372,1759,850,909,1516,718,798,1284,606,678,1319,683,636,208,55,153
2017.01,마포구,4518,2080,2438,5162,2492,2670,1074,515,559,1720,796,924,2292,1093,1199,1724,769,955,1796,884,912,-644,-412,-232
2017.01,양천구,4654,2314,2340,5131,2552,2579,1496,742,754,1753,867,886,1898,923,975,1405,705,700,1737,887,850,-477,-238,-239
2017.01,강서구,6685,3222,3463,6245,3074,3171,1950,939,1011,2386,1171,1215,1780,900,880,2349,1112,1237,2515,1235,1280,440,148,292
2017.01,구로구,3975,2025,1950,4307,2202,2105,834,422,412,1340,676,664,1522,766,756,1801,927,874,1951,1014,937,-332,-177,-155
2017.01,금천구,3508,1781,1727,2812,1430,1382,994,486,508,1165,603,562,672,341,331,1349,692,657,1146,603,543,696,351,345
2017.01,영등포구,4322,2142,2180,5051,2584,2467,892,460,432,1584,802,782,2247,1142,1105,1846,880,966,1912,982,930,-729,-442,-287
2017.01,동작구,4982,2422,2560,5385,2751,2634,1049,521,528,1990,948,1042,2221,1147,1074,1943,953,990,2115,1083,1032,-403,-329,-74
2017.01,관악구,7221,3688,3533,7306,3816,3490,1764,879,885,2093,1086,1007,2620,1358,1262,3364,1723,1641,2922,1579,1343,-85,-128,43
2017.01,서초구,5785,2773,3012,5980,2874,3106,1528,734,794,2399,1156,1243,2529,1216,1313,1858,883,975,1923,924,999,-195,-101,-94
2017.01,강남구,7503,3610,3893,7745,3817,3928,1996,964,1032,2745,1332,1413,3007,1482,1525,2762,1314,1448,2742,1371,1371,-242,-207,-35
2017.01,송파구,8991,4327,4664,7937,3836,4101,2576,1244,1332,3051,1486,1565,2267,1071,1196,3364,1597,1767,3094,1521,1573,1054,491,563
2017.01,강동구,6412,3184,3228,5634,2803,2831,2496,1251,1245,2081,999,1082,1124,525,599,1835,934,901,2014,1027,987,778,381,397
2017.02,서울특별시,161130,78818,82312,162678,80662,82016,42329,20624,21705,61317,30107,31210,61317,30107,31210,57484,28087,29397,59032,29931,29101,-1548,-1844,296
2017.02,종로구,2876,1431,1445,2878,1419,1459,453,209,244,1286,640,646,1531,738,793,1137,582,555,894,472,422,-2,12,-14
2017.02,중구,1938,949,989,2232,1116,1116,282,136,146,908,453,455,1310,643,667,748,360,388,640,337,303,-294,-167,-127
2017.02,용산구,3540,1778,1762,3786,1836,1950,615,318,297,1520,781,739,1812,849,963,1405,679,726,1359,669,690,-246,-58,-188
2017.02,성동구,6412,3183,3229,4956,2525,2431,1226,616,610,3189,1570,1619,2276,1144,1132,1997,997,1000,1454,765,689,1456,658,798
2017.02,광진구,5739,2785,2954,5783,2838,2945,1404,662,742,2171,1075,1096,2362,1159,1203,2164,1048,1116,2017,1017,1000,-44,-53,9
2017.02,동대문구,5509,2775,2734,5786,2960,2826,1130,562,568,2008,1031,977,2674,1354,1320,2371,1182,1189,1982,1044,938,-277,-185,-92
2017.02,중랑구,4674,2343,2331,5053,2512,2541,1526,744,782,1758,904,854,1599,781,818,1390,695,695,1928,987,941,-379,-169,-210
2017.02,성북구,7900,3774,4126,7670,3812,3858,2335,1090,1245,3024,1471,1553,3046,1529,1517,2541,1213,1328,2289,1193,1096,230,-38,268
2017.02,강북구,3623,1693,1930,4039,1968,2071,966,465,501,1549,746,803,1716,840,876,1108,482,626,1357,663,694,-416,-275,-141
2017.02,도봉구,3467,1665,1802,4015,1949,2066,990,463,527,1461,724,737,1488,716,772,1016,478,538,1537,770,767,-548,-284,-264
2017.02,노원구,7344,3585,3759,8544,4307,4237,2258,1112,1146,2387,1174,1213,2900,1408,1492,2699,1299,1400,3386,1787,1599,-1200,-722,-478
2017.02,은평구,5880,2848,3032,6457,3125,3332,2005,948,1057,1943,948,995,1819,849,970,1932,952,980,2633,1328,1305,-577,-277,-300
2017.02,서대문구,5830,2790,3040,5351,2610,2741,1111,535,576,2629,1250,1379,2280,1107,1173,2090,1005,1085,1960,968,992,479,180,299
2017.02,마포구,6713,3132,3581,7214,3482,3732,1535,739,796,2566,1206,1360,3208,1540,1668,2612,1187,1425,2471,1203,1268,-501,-350,-151
2017.02,양천구,6577,3264,3313,7394,3712,3682,2031,1012,1019,2430,1190,1240,2836,1383,1453,2116,1062,1054,2527,1317,1210,-817,-448,-369
2017.02,강서구,8584,4148,4436,8327,3995,4332,2439,1145,1294,3191,1547,1644,2320,1105,1215,2954,1456,1498,3568,1745,1823,257,153,104
2017.02,구로구,5107,2508,2599,5872,2885,2987,1129,529,600,1729,881,848,1973,978,995,2249,1098,1151,2770,1378,1392,-765,-377,-388
2017.02,금천구,3570,1837,1733,3427,1769,1658,983,492,491,1157,605,552,836,438,398,1430,740,690,1608,839,769,143,68,75
2017.02,영등포구,5964,2957,3007,7087,3563,3524,1235,621,614,2369,1167,1202,3093,1557,1536,2360,1169,1191,2759,1385,1374,-1123,-606,-517
2017.02,동작구,7118,3471,3647,7309,3681,3628,1418,696,722,2677,1268,1409,3163,1589,1574,3023,1507,1516,2728,1396,1332,-191,-210,19
2017.02,관악구,9859,4914,4945,9733,5018,4715,2471,1244,1227,2791,1374,1417,3501,1773,1728,4597,2296,2301,3761,2001,1760,126,-104,230
2017.02,서초구,8204,3966,4238,8413,4095,4318,2075,1021,1054,3535,1698,1837,3607,1742,1865,2594,1247,1347,2731,1332,1399,-209,-129,-80
2017.02,강남구,10970,5303,5667,11638,5668,5970,3119,1502,1617,4302,2112,2190,4656,2255,2401,3549,1689,1860,3863,1911,1952,-668,-365,-303
2017.02,송파구,13113,6332,6781,11852,5876,5976,3932,1905,2027,4634,2202,2432,3731,1854,1877,4547,2225,2322,4189,2117,2072,1261,456,805
2017.02,강동구,10619,5387,5232,7862,3941,3921,3661,1858,1803,4103,2090,2013,1580,776,804,2855,1439,1416,2621,1307,1314,2757,1446,1311
2017.03,서울특별시,143477,71724,71753,148176,74397,73779,41907,20395,21512,53564,26668,26896,53564,26668,26896,48006,24661,23345,52705,27334,25371,-4699,-2673,-2026
2017.03,종로구,4272,2155,2117,2963,1484,1479,673,319,354,2227,1101,1126,1463,718,745,1372,735,637,827,447,380,1309,671,638
2017.03,중구,1741,841,900,2084,1072,1012,334,157,177,806,387,419,1180,601,579,601,297,304,570,314,256,-343,-231,-112
2017.03,용산구,3216,1598,1618,3490,1765,1725,674,325,349,1429,723,706,1612,838,774,1113,550,563,1204,602,602,-274,-167,-107
2017.03,성동구,5029,2465,2564,4313,2240,2073,992,476,516,2534,1245,1289,1898,989,909,1503,744,759,1423,775,648,716,225,491
2017.03,광진구,5253,2609,2644,5519,2809,2710,1466,735,731,1877,909,968,2142,1083,1059,1910,965,945,1911,991,920,-266,-200,-66
2017.03,동대문구,4758,2465,2293,5087,2646,2441,1297,654,643,1684,859,825,2011,1029,982,1777,952,825,1779,963,816,-329,-181,-148
2017.03,중랑구,5161,2608,2553,5706,2887,2819,2071,1004,1067,1712,871,841,1630,810,820,1378,733,645,2005,1073,932,-545,-279,-266
2017.03,성북구,6574,3320,3254,6712,3306,3406,2013,1004,1009,2666,1346,1320,2741,1337,1404,1895,970,925,1958,965,993,-138,14,-152
2017.03,강북구,4446,2139,2307,4146,2054,2092,1344,657,687,1994,953,1041,1540,745,795,1108,529,579,1262,652,610,300,85,215
2017.03,도봉구,3660,1791,1869,4389,2198,2191,1206,579,627,1451,718,733,1639,803,836,1003,494,509,1544,816,728,-729,-407,-322
2017.03,노원구,6719,3407,3312,6838,3438,3400,2163,1044,1119,2132,1072,1060,2132,1046,1086,2424,1291,1133,2543,1348,1195,-119,-31,-88
2017.03,은평구,6292,3088,3204,7035,3472,3563,2573,1236,1337,1964,993,971,1886,946,940,1755,859,896,2576,1290,1286,-743,-384,-359
2017.03,서대문구,5380,2584,2796,5330,2658,2672,1314,626,688,2364,1092,1272,2386,1198,1188,1702,866,836,1630,834,796,50,-74,124
2017.03,마포구,5749,2794,2955,6240,2967,3273,1453,683,770,2232,1090,1142,2825,1313,1512,2064,1021,1043,1962,971,991,-491,-173,-318
2017.03,양천구,5054,2508,2546,5922,2991,2931,1563,754,809,2046,1012,1034,2146,1071,1075,1445,742,703,2213,1166,1047,-868,-483,-385
2017.03,강서구,8242,4105,4137,7680,3858,3822,2373,1151,1222,2940,1478,1462,2092,1081,1011,2929,1476,1453,3215,1626,1589,562,247,315
2017.03,구로구,4966,2499,2467,5351,2683,2668,1180,574,606,1737,888,849,1701,848,853,2049,1037,1012,2470,1261,1209,-385,-184,-201
2017.03,금천구,3313,1714,1599,3223,1668,1555,900,435,465,1120,575,545,814,442,372,1293,704,589,1509,791,718,90,46,44
2017.03,영등포구,5349,2713,2636,6210,3164,3046,1450,716,734,1936,990,946,2618,1309,1309,1963,1007,956,2142,1139,1003,-861,-451,-410
2017.03,동작구,6086,3098,2988,6248,3123,3125,1300,627,673,2434,1206,1228,2548,1241,1307,2352,1265,1087,2400,1255,1145,-162,-25,-137
2017.03,관악구,9474,5057,4417,9428,4994,4434,2593,1337,1256,2743,1412,1331,3307,1735,1572,4138,2308,1830,3528,1922,1606,46,63,-17
2017.03,서초구,6602,3189,3413,7773,3762,4011,2001,934,1067,2616,1259,1357,3291,1590,1701,1985,996,989,2481,1238,1243,-1171,-573,-598
2017.03,강남구,8254,4082,4172,9334,4531,4803,2356,1116,1240,3061,1533,1528,3718,1785,1933,2837,1433,1404,3260,1630,1630,-1080,-449,-631
2017.03,송파구,9694,4807,4887,9930,4936,4994,3257,1583,1674,3186,1592,1594,2911,1435,1476,3251,1632,1619,3762,1918,1844,-236,-129,-107
2017.03,강동구,8193,4088,4105,7225,3691,3534,3361,1669,1692,2673,1364,1309,1333,675,658,2159,1055,1104,2531,1347,1184,968,397,571
2017.04,서울특별시,112932,55727,57205,119307,59592,59715,35605,17309,18296,43502,21479,22023,43502,21479,22023,33825,16939,16886,40200,20804,19396,-6375,-3865,-2510
2017.04,종로구,2412,1185,1227,2029,1021,1008,352,171,181,1443,688,755,998,504,494,617,326,291,679,346,333,383,164,219
2017.04,중구,1324,659,665,1568,839,729,242,133,109,647,316,331,883,480,403,435,210,225,443,226,217,-244,-180,-64
2017.04,용산구,2484,1245,1239,2943,1488,1455,524,266,258,1138,569,569,1457,710,747,822,410,412,962,512,450,-459,-243,-216
2017.04,성동구,3564,1738,1826,3459,1738,1721,780,375,405,1709,857,852,1609,795,814,1075,506,569,1070,568,502,105,-,105
2017.04,광진구,4263,2056,2207,4245,2127,2118,1268,617,651,1689,790,899,1565,770,795,1306,649,657,1412,740,672,18,-71,89
2017.04,동대문구,3542,1893,1649,3774,1938,1836,1033,525,508,1393,760,633,1537,775,762,1116,608,508,1204,638,566,-232,-45,-187
2017.04,중랑구,4605,2306,2299,4822,2409,2413,1937,952,985,1595,810,785,1284,634,650,1073,544,529,1601,823,778,-217,-103,-114
2017.04,성북구,4541,2293,2248,5089,2537,2552,1577,754,823,1792,930,862,2012,1017,995,1172,609,563,1500,766,734,-548,-244,-304
2017.04,강북구,3766,1878,1888,3772,1911,1861,1401,701,700,1637,807,830,1303,665,638,728,370,358,1068,545,523,-6,-33,27
2017.04,도봉구,3193,1597,1596,3689,1837,1852,1134,571,563,1266,628,638,1419,683,736,793,398,395,1136,583,553,-496,-240,-256
2017.04,노원구,4889,2377,2512,5445,2660,2785,1799,850,949,1740,851,889,1781,834,947,1350,676,674,1865,976,889,-556,-283,-273
2017.04,은평구,5431,2613,2818,5663,2783,2880,2290,1113,1177,1746,837,909,1471,713,758,1395,663,732,1902,957,945,-232,-170,-62
2017.04,서대문구,3977,1951,2026,4092,2029,2063,1102,534,568,1760,875,885,1883,924,959,1115,542,573,1107,571,536,-115,-78,-37
2017.04,마포구,4821,2228,2593,5060,2476,2584,1297,598,699,1951,900,1051,2243,1081,1162,1573,730,843,1520,797,723,-239,-248,9
2017.04,양천구,4107,2030,2077,4642,2299,2343,1246,606,640,1777,886,891,1862,908,954,1084,538,546,1534,785,749,-535,-269,-266
2017.04,강서구,7226,3551,3675,6780,3357,3423,2381,1153,1228,2791,1394,1397,1870,895,975,2054,1004,1050,2529,1309,1220,446,194,252
2017.04,구로구,3971,1985,1986,4519,2289,2230,1014,492,522,1378,694,684,1543,787,756,1579,799,780,1962,1010,952,-548,-304,-244
2017.04,금천구,2784,1420,1364,2772,1448,1324,855,434,421,903,448,455,731,379,352,1026,538,488,1186,635,551,12,-28,40
2017.04,영등포구,5288,2640,2648,5485,2746,2739,1489,743,746,2227,1095,1132,2186,1083,1103,1572,802,770,1810,920,890,-197,-106,-91
2017.04,동작구,4626,2272,2354,5118,2560,2558,1110,544,566,1955,930,1025,2302,1140,1162,1561,798,763,1706,876,830,-492,-288,-204
2017.04,관악구,7024,3571,3453,7434,3818,3616,2137,1073,1064,2028,1029,999,2550,1301,1249,2859,1469,1390,2747,1444,1303,-410,-247,-163
2017.04,서초구,4902,2345,2557,5550,2743,2807,1366,639,727,2010,965,1045,2455,1189,1266,1526,741,785,1729,915,814,-648,-398,-250
2017.04,강남구,6328,3098,3230,7153,3478,3675,1854,869,985,2390,1183,1207,2857,1385,1472,2084,1046,1038,2442,1224,1218,-825,-380,-445
2017.04,송파구,7826,3780,4046,8325,4128,4197,2801,1315,1486,2605,1262,1343,2406,1183,1223,2420,1203,1217,3118,1630,1488,-499,-348,-151
2017.04,강동구,6038,3016,3022,5879,2933,2946,2616,1281,1335,1932,975,957,1295,644,651,1490,760,730,1968,1008,960,159,83,76
2017.05,서울특별시,124132,61014,63118,130722,64767,65955,40853,19855,20998,47407,23122,24285,47407,23122,24285,35872,18037,17835,42462,21790,20672,-6590,-3753,-2837
2017.05,종로구,2389,1198,1191,2048,1035,1013,417,213,204,1293,626,667,1045,528,517,679,359,320,586,294,292,341,163,178
2017.05,중구,1504,746,758,1548,789,759,265,134,131,773,386,387,842,422,420,466,226,240,441,233,208,-44,-43,-1
2017.05,용산구,2873,1449,1424,3132,1534,1598,705,349,356,1252,621,631,1445,687,758,916,479,437,982,498,484,-259,-85,-174
2017.05,성동구,3901,1913,1988,3787,1919,1868,914,455,459,1908,911,997,1769,886,883,1079,547,532,1104,578,526,114,-6,120
2017.05,광진구,4586,2271,2315,4871,2381,2490,1450,709,741,1811,876,935,1867,892,975,1325,686,639,1554,780,774,-285,-110,-175
2017.05,동대문구,3793,1875,1918,4301,2176,2125,1140,554,586,1573,771,802,1783,896,887,1080,550,530,1378,726,652,-508,-301,-207
2017.05,중랑구,5059,2494,2565,5150,2556,2594,2201,1074,1127,1789,889,900,1430,706,724,1069,531,538,1519,776,743,-91,-62,-29
2017.05,성북구,4806,2321,2485,5403,2636,2767,1660,784,876,1981,950,1031,2288,1125,1163,1165,587,578,1455,727,728,-597,-315,-282
2017.05,강북구,3898,1908,1990,4106,2083,2023,1514,745,769,1621,784,837,1509,746,763,763,379,384,1083,592,491,-208,-175,-33
2017.05,도봉구,3687,1795,1892,3935,1984,1951,1301,640,661,1510,724,786,1319,657,662,876,431,445,1315,687,628,-248,-189,-59
2017.05,노원구,5177,2558,2619,6108,3006,3102,2055,994,1061,1774,881,893,1931,904,1027,1348,683,665,2122,1108,1014,-931,-448,-483
2017.05,은평구,5948,2860,3088,6598,3254,3344,2618,1256,1362,1879,890,989,1757,884,873,1451,714,737,2223,1114,1109,-650,-394,-256
2017.05,서대문구,4058,1979,2079,4348,2112,2236,1083,523,560,1816,892,924,1964,961,1003,1159,564,595,1301,628,673,-290,-133,-157
2017.05,마포구,4822,2299,2523,5150,2491,2659,1297,610,687,1997,952,1045,2331,1110,1221,1528,737,791,1522,771,751,-328,-192,-136
2017.05,양천구,4251,2082,2169,5258,2636,2622,1349,660,689,1758,839,919,2098,1020,1078,1144,583,561,1811,956,855,-1007,-554,-453
2017.05,강서구,8541,4076,4465,7469,3600,3869,2869,1364,1505,3244,1558,1686,1930,927,1003,2428,1154,1274,2670,1309,1361,1072,476,596
2017.05,구로구,4429,2222,2207,5229,2588,2641,1312,646,666,1415,718,697,1729,831,898,1702,858,844,2188,1111,1077,-800,-366,-434
2017.05,금천구,3022,1582,1440,2999,1581,1418,974,491,483,931,474,457,786,419,367,1117,617,500,1239,671,568,23,1,22
2017.05,영등포구,6902,3482,3420,6051,3056,2995,1928,972,956,3081,1545,1536,2246,1115,1131,1893,965,928,1877,969,908,851,426,425
2017.05,동작구,5168,2513,2655,5795,2844,2951,1400,651,749,2122,1024,1098,2650,1294,1356,1646,838,808,1745,899,846,-627,-331,-296
2017.05,관악구,7905,4083,3822,8236,4348,3888,2548,1314,1234,2382,1191,1191,2876,1475,1401,2975,1578,1397,2812,1559,1253,-331,-265,-66
2017.05,서초구,5428,2586,2842,6447,3066,3381,1749,838,911,2155,1021,1134,2854,1309,1545,1524,727,797,1844,919,925,-1019,-480,-539
2017.05,강남구,7028,3437,3591,7986,3818,4168,2179,1034,1145,2560,1294,1266,3095,1465,1630,2289,1109,1180,2712,1319,1393,-958,-381,-577
2017.05,송파구,8658,4145,4513,8493,4153,4340,3148,1500,1648,2889,1352,1537,2429,1187,1242,2621,1293,1328,2916,1466,1450,165,-8,173
2017.05,강동구,6299,3140,3159,6274,3121,3153,2777,1345,1432,1893,953,940,1434,676,758,1629,842,787,2063,1100,963,25,19,6
2017.06,서울특별시,115236,56963,58273,121281,60529,60752,37233,18053,19180,43703,21537,22166,43703,21537,22166,34300,17373,16927,40345,20939,19406,-6045,-3566,-2479
2017.06,종로구,2214,1117,1097,2079,1062,1017,359,189,170,1219,606,613,1114,543,571,636,322,314,606,330,276,135,55,80
2017.06,중구,1533,762,771,1630,843,787,303,143,160,725,371,354,871,455,416,505,248,257,456,245,211,-97,-81,-16
2017.06,용산구,2877,1449,1428,2848,1424,1424,676,329,347,1294,647,647,1263,631,632,907,473,434,909,464,445,29,25,4
2017.06,성동구,3654,1756,1898,3504,1754,1750,870,405,465,1818,850,968,1614,805,809,966,501,465,1020,544,476,150,2,148
2017.06,광진구,4445,2137,2308,4410,2165,2245,1328,608,720,1764,856,908,1610,813,797,1353,673,680,1472,744,728,35,-28,63
2017.06,동대문구,3766,1943,1823,4105,2100,2005,1220,609,611,1507,773,734,1612,807,805,1039,561,478,1273,684,589,-339,-157,-182
2017.06,중랑구,5568,2744,2824,5112,2560,2552,2331,1144,1187,2109,1050,1059,1325,656,669,1128,550,578,1456,760,696,456,184,272
2017.06,성북구,4415,2159,2256,5094,2516,2578,1476,717,759,1772,852,920,2132,1030,1102,1167,590,577,1486,769,717,-679,-357,-322
2017.06,강북구,3649,1805,1844,3616,1799,1817,1252,627,625,1562,771,791,1371,656,715,835,407,428,993,516,477,33,6,27
2017.06,도봉구,3503,1741,1762,3543,1775,1768,1130,550,580,1472,735,737,1254,598,656,901,456,445,1159,627,532,-40,-34,-6
2017.06,노원구,4837,2328,2509,6359,3122,3237,2014,935,1079,1531,748,783,2290,1099,1191,1292,645,647,2055,1088,967,-1522,-794,-728
2017.06,은평구,5345,2634,2711,6103,3006,3097,2313,1112,1201,1643,822,821,1593,768,825,1389,700,689,2197,1126,1071,-758,-372,-386
2017.06,서대문구,3849,1905,1944,3705,1862,1843,854,421,433,1825,889,936,1667,825,842,1170,595,575,1184,616,568,144,43,101
2017.06,마포구,4474,2113,2361,4958,2394,2564,1213,545,668,1833,856,977,2245,1127,1118,1428,712,716,1500,722,778,-484,-281,-203
2017.06,양천구,4218,2043,2175,4768,2419,2349,1304,647,657,1687,798,889,1842,899,943,1227,598,629,1622,873,749,-550,-376,-174
2017.06,강서구,7998,3923,4075,7145,3499,3646,2837,1367,1470,2776,1372,1404,1787,850,937,2385,1184,1201,2521,1282,1239,853,424,429
2017.06,구로구,3994,2001,1993,4530,2298,2232,1167,577,590,1254,646,608,1434,711,723,1573,778,795,1929,1010,919,-536,-297,-239
2017.06,금천구,2628,1370,1258,2732,1414,1318,835,422,413,811,439,372,687,375,312,982,509,473,1210,617,593,-104,-44,-60
2017.06,영등포구,4851,2488,2363,4810,2439,2371,1235,618,617,2030,1047,983,1977,977,1000,1586,823,763,1598,844,754,41,49,-8
2017.06,동작구,4664,2281,2383,4995,2507,2488,1202,551,651,1978,959,1019,2114,1053,1061,1484,771,713,1679,903,776,-331,-226,-105
2017.06,관악구,6898,3639,3259,7254,3774,3480,2163,1105,1058,2096,1085,1011,2374,1200,1174,2639,1449,1190,2717,1469,1248,-356,-135,-221
2017.06,서초구,5164,2442,2722,6185,2999,3186,1712,803,909,1941,890,1051,2657,1284,1373,1511,749,762,1816,912,904,-1021,-557,-464
2017.06,강남구,6743,3285,3458,7551,3698,3853,1982,948,1034,2524,1265,1259,3006,1447,1559,2237,1072,1165,2563,1303,1260,-808,-413,-395
2017.06,송파구,7968,3922,4046,7721,3780,3941,2612,1261,1351,2819,1373,1446,2317,1134,1183,2537,1288,1249,2792,1385,1407,247,142,105
2017.06,강동구,5981,2976,3005,6524,3320,3204,2845,1420,1425,1713,837,876,1547,794,753,1423,719,704,2132,1106,1026,-543,-344,-199
2017.07,서울특별시,113098,56213,56885,121341,60668,60673,36411,17785,18626,43168,21295,21873,43168,21295,21873,33519,17133,16386,41762,21588,20174,-8243,-4455,-3788
2017.07,종로구,2306,1138,1168,1919,973,946,353,169,184,1314,626,688,947,486,461,639,343,296,619,318,301,387,165,222
2017.07,중구,1391,706,685,1448,727,721,253,124,129,718,363,355,785,397,388,420,219,201,410,206,204,-57,-21,-36
2017.07,용산구,2645,1298,1347,2790,1384,1406,534,254,280,1288,633,655,1320,652,668,823,411,412,936,478,458,-145,-86,-59
2017.07,성동구,3649,1839,1810,3569,1814,1755,811,409,402,1835,923,912,1558,784,774,1003,507,496,1200,621,579,80,25,55
2017.07,광진구,4282,2109,2173,4184,2104,2080,1315,641,674,1709,834,875,1457,722,735,1258,634,624,1412,741,671,98,5,93
2017.07,동대문구,3574,1849,1725,3961,2063,1898,1068,535,533,1480,757,723,1623,834,789,1026,557,469,1270,694,576,-387,-214,-173
2017.07,중랑구,4677,2351,2326,4454,2253,2201,1830,910,920,1794,907,887,1184,600,584,1053,534,519,1440,743,697,223,98,125
2017.07,성북구,4078,2027,2051,4562,2260,2302,1257,637,620,1786,892,894,1932,937,995,1035,498,537,1373,686,687,-484,-233,-251
2017.07,강북구,3278,1590,1688,3652,1795,1857,1188,551,637,1360,659,701,1376,676,700,730,380,350,1088,568,520,-374,-205,-169
2017.07,도봉구,3538,1793,1745,3694,1907,1787,1118,582,536,1517,751,766,1377,686,691,903,460,443,1199,639,560,-156,-114,-42
2017.07,노원구,4952,2467,2485,6434,3204,3230,1993,956,1037,1612,791,821,2164,1045,1119,1347,720,627,2277,1203,1074,-1482,-737,-745
2017.07,은평구,5379,2617,2762,6131,3038,3093,2417,1177,1240,1595,757,838,1505,744,761,1367,683,684,2209,1117,1092,-752,-421,-331
2017.07,서대문구,3581,1735,1846,3713,1842,1871,823,374,449,1683,818,865,1707,844,863,1075,543,532,1183,624,559,-132,-107,-25
2017.07,마포구,4363,2075,2288,4711,2275,2436,1066,490,576,1874,915,959,2046,967,1079,1423,670,753,1599,818,781,-348,-200,-148
2017.07,양천구,4159,2075,2084,4561,2225,2336,1260,612,648,1687,827,860,1695,813,882,1212,636,576,1606,800,806,-402,-150,-252
2017.07,강서구,7279,3544,3735,6962,3398,3564,2468,1157,1311,2508,1228,1280,1798,873,925,2303,1159,1144,2696,1368,1328,317,146,171
2017.07,구로구,3829,1905,1924,4353,2215,2138,1062,529,533,1267,630,637,1360,681,679,1500,746,754,1931,1005,926,-524,-310,-214
2017.07,금천구,2458,1301,1157,2732,1473,1259,827,440,387,729,381,348,701,357,344,902,480,422,1204,676,528,-274,-172,-102
2017.07,영등포구,4830,2466,2364,5122,2593,2529,1310,665,645,1956,982,974,2023,986,1037,1564,819,745,1789,942,847,-292,-127,-165
2017.07,동작구,4639,2314,2325,4903,2425,2478,1099,535,564,2014,981,1033,2064,986,1078,1526,798,728,1740,904,836,-264,-111,-153
2017.07,관악구,6875,3611,3264,7354,3889,3465,2141,1120,1021,2016,1043,973,2396,1254,1142,2718,1448,1270,2817,1515,1302,-479,-278,-201
2017.07,서초구,5958,2832,3126,6666,3234,3432,1996,936,1060,2317,1086,1231,2663,1274,1389,1645,810,835,2007,1024,983,-708,-402,-306
2017.07,강남구,7238,3517,3721,7825,3778,4047,2259,1075,1184,2584,1261,1323,3022,1458,1564,2395,1181,1214,2544,1245,1299,-587,-261,-326
2017.07,송파구,7936,3938,3998,7811,3833,3978,2579,1232,1347,3038,1501,1537,2349,1147,1202,2319,1205,1114,2883,1454,1429,125,105,20
2017.07,강동구,6204,3116,3088,7830,3966,3864,3384,1675,1709,1487,749,738,2116,1092,1024,1333,692,641,2330,1199,1131,-1626,-850,-776
2017.08,서울특별시,115236,56963,58273,121281,60529,60752,37233,18053,19180,43703,21537,22166,43703,21537,22166,34300,17373,16927,40345,20939,19406,-6045,-3566,-2479
2017.08,종로구,2214,1117,1097,2079,1062,1017,359,189,170,1219,606,613,1114,543,571,636,322,314,606,330,276,135,55,80
2017.08,중구,1533,762,771,1630,843,787,303,143,160,725,371,354,871,455,416,505,248,257,456,245,211,-97,-81,-16
2017.08,용산구,2877,1449,1428,2848,1424,1424,676,329,347,1294,647,647,1263,631,632,907,473,434,909,464,445,29,25,4
2017.08,성동구,3654,1756,1898,3504,1754,1750,870,405,465,1818,850,968,1614,805,809,966,501,465,1020,544,476,150,2,148
2017.08,광진구,4445,2137,2308,4410,2165,2245,1328,608,720,1764,856,908,1610,813,797,1353,673,680,1472,744,728,35,-28,63
2017.08,동대문구,3766,1943,1823,4105,2100,2005,1220,609,611,1507,773,734,1612,807,805,1039,561,478,1273,684,589,-339,-157,-182
2017.08,중랑구,5568,2744,2824,5112,2560,2552,2331,1144,1187,2109,1050,1059,1325,656,669,1128,550,578,1456,760,696,456,184,272
2017.08,성북구,4415,2159,2256,5094,2516,2578,1476,717,759,1772,852,920,2132,1030,1102,1167,590,577,1486,769,717,-679,-357,-322
2017.08,강북구,3649,1805,1844,3616,1799,1817,1252,627,625,1562,771,791,1371,656,715,835,407,428,993,516,477,33,6,27
2017.08,도봉구,3503,1741,1762,3543,1775,1768,1130,550,580,1472,735,737,1254,598,656,901,456,445,1159,627,532,-40,-34,-6
2017.08,노원구,4837,2328,2509,6359,3122,3237,2014,935,1079,1531,748,783,2290,1099,1191,1292,645,647,2055,1088,967,-1522,-794,-728
2017.08,은평구,5345,2634,2711,6103,3006,3097,2313,1112,1201,1643,822,821,1593,768,825,1389,700,689,2197,1126,1071,-758,-372,-386
2017.08,서대문구,3849,1905,1944,3705,1862,1843,854,421,433,1825,889,936,1667,825,842,1170,595,575,1184,616,568,144,43,101
2017.08,마포구,4474,2113,2361,4958,2394,2564,1213,545,668,1833,856,977,2245,1127,1118,1428,712,716,1500,722,778,-484,-281,-203
2017.08,양천구,4218,2043,2175,4768,2419,2349,1304,647,657,1687,798,889,1842,899,943,1227,598,629,1622,873,749,-550,-376,-174
2017.08,강서구,7998,3923,4075,7145,3499,3646,2837,1367,1470,2776,1372,1404,1787,850,937,2385,1184,1201,2521,1282,1239,853,424,429
2017.08,구로구,3994,2001,1993,4530,2298,2232,1167,577,590,1254,646,608,1434,711,723,1573,778,795,1929,1010,919,-536,-297,-239
2017.08,금천구,2628,1370,1258,2732,1414,1318,835,422,413,811,439,372,687,375,312,982,509,473,1210,617,593,-104,-44,-60
2017.08,영등포구,4851,2488,2363,4810,2439,2371,1235,618,617,2030,1047,983,1977,977,1000,1586,823,763,1598,844,754,41,49,-8
2017.08,동작구,4664,2281,2383,4995,2507,2488,1202,551,651,1978,959,1019,2114,1053,1061,1484,771,713,1679,903,776,-331,-226,-105
2017.08,관악구,6898,3639,3259,7254,3774,3480,2163,1105,1058,2096,1085,1011,2374,1200,1174,2639,1449,1190,2717,1469,1248,-356,-135,-221
2017.08,서초구,5164,2442,2722,6185,2999,3186,1712,803,909,1941,890,1051,2657,1284,1373,1511,749,762,1816,912,904,-1021,-557,-464
2017.08,강남구,6743,3285,3458,7551,3698,3853,1982,948,1034,2524,1265,1259,3006,1447,1559,2237,1072,1165,2563,1303,1260,-808,-413,-395
2017.08,송파구,7968,3922,4046,7721,3780,3941,2612,1261,1351,2819,1373,1446,2317,1134,1183,2537,1288,1249,2792,1385,1407,247,142,105
2017.08,강동구,5981,2976,3005,6524,3320,3204,2845,1420,1425,1713,837,876,1547,794,753,1423,719,704,2132,1106,1026,-543,-344,-199
2017.09,서울특별시,120252,60197,60055,133583,67098,66485,39381,19282,20099,47045,23559,23486,47045,23559,23486,33826,17356,16470,47157,24257,22900,-13331,-6901,-6430
2017.09,종로구,2201,1098,1103,2146,1095,1051,378,189,189,1074,520,554,1074,555,519,749,389,360,694,351,343,55,3,52
2017.09,중구,2305,1165,1140,1772,911,861,303,146,157,1403,705,698,966,510,456,599,314,285,503,255,248,533,254,279
2017.09,용산구,3147,1567,1580,3079,1564,1515,656,320,336,1530,765,765,1483,754,729,961,482,479,940,490,450,68,3,65
2017.09,성동구,3916,1966,1950,3920,1952,1968,959,461,498,1963,996,967,1764,875,889,994,509,485,1197,616,581,-4,14,-18
2017.09,광진구,4701,2301,2400,4885,2439,2446,1451,692,759,1944,984,960,1726,888,838,1306,625,681,1708,859,849,-184,-138,-46
2017.09,동대문구,3867,2005,1862,4307,2187,2120,1095,544,551,1655,841,814,1803,899,904,1117,620,497,1409,744,665,-440,-182,-258
2017.09,중랑구,4828,2485,2343,5246,2615,2631,1906,976,930,1821,930,891,1368,665,703,1101,579,522,1972,974,998,-418,-130,-288
2017.09,성북구,4965,2431,2534,5837,2884,2953,1835,874,961,1945,946,999,2294,1146,1148,1185,611,574,1708,864,844,-872,-453,-419
2017.09,강북구,3447,1736,1711,3874,1933,1941,1228,621,607,1482,745,737,1541,757,784,737,370,367,1105,555,550,-427,-197,-230
2017.09,도봉구,3582,1799,1783,3992,2019,1973,1271,628,643,1533,767,766,1281,650,631,778,404,374,1440,741,699,-410,-220,-190
2017.09,노원구,5576,2806,2770,7038,3452,3586,2171,1038,1133,1929,974,955,2229,1082,1147,1476,794,682,2638,1332,1306,-1462,-646,-816
2017.09,은평구,6675,3341,3334,6633,3308,3325,2825,1366,1459,2271,1145,1126,1497,744,753,1579,830,749,2311,1198,1113,42,33,9
2017.09,서대문구,3684,1822,1862,4132,2093,2039,959,465,494,1600,783,817,1823,933,890,1125,574,551,1350,695,655,-448,-271,-177
2017.09,마포구,4589,2244,2345,5202,2572,2630,1147,554,593,1980,996,984,2484,1232,1252,1462,694,768,1571,786,785,-613,-328,-285
2017.09,양천구,4229,2070,2159,5021,2523,2498,1348,644,704,1889,939,950,1932,953,979,992,487,505,1741,926,815,-792,-453,-339
2017.09,강서구,7493,3657,3836,7632,3851,3781,2522,1206,1316,2598,1275,1323,2090,1093,997,2373,1176,1197,3020,1552,1468,-139,-194,55
2017.09,구로구,4227,2121,2106,5204,2594,2610,1300,618,682,1492,769,723,1572,787,785,1435,734,701,2332,1189,1143,-977,-473,-504
2017.09,금천구,2519,1334,1185,2874,1566,1308,777,406,371,838,442,396,760,437,323,904,486,418,1337,723,614,-355,-232,-123
2017.09,영등포구,5563,2861,2702,5523,2823,2700,1502,771,731,2439,1246,1193,2193,1124,1069,1622,844,778,1828,928,900,40,38,2
2017.09,동작구,4575,2303,2272,5138,2610,2528,1188,596,592,2007,993,1014,2074,1020,1054,1380,714,666,1876,994,882,-563,-307,-256
2017.09,관악구,7166,3767,3399,7814,4062,3752,2181,1095,1086,2245,1205,1040,2616,1312,1304,2740,1467,1273,3017,1655,1362,-648,-295,-353
2017.09,서초구,5160,2501,2659,5549,2741,2808,1389,659,730,2219,1091,1128,2312,1147,1165,1552,751,801,1848,935,913,-389,-240,-149
2017.09,강남구,6963,3456,3507,8556,4172,4384,2412,1146,1266,2506,1236,1270,3224,1568,1656,2045,1074,971,2920,1458,1462,-1593,-716,-877
2017.09,송파구,8099,3948,4151,8634,4251,4383,2745,1324,1421,3078,1479,1599,2598,1271,1327,2276,1145,1131,3291,1656,1635,-535,-303,-232
2017.09,강동구,6775,3413,3362,9575,4881,4694,3833,1943,1890,1604,787,817,2341,1157,1184,1338,683,655,3401,1781,1620,-2800,-1468,-1332
2017.1,서울특별시,109323,54128,55195,120064,59535,60529,37469,18135,19334,42714,21098,21616,42714,21098,21616,29140,14895,14245,39881,20302,19579,-10741,-5407,-5334
2017.1,종로구,1722,865,857,1734,883,851,327,165,162,882,449,433,896,458,438,513,251,262,511,260,251,-12,-18,6
2017.1,중구,1622,862,760,1513,744,769,266,123,143,894,474,420,818,406,412,462,265,197,429,215,214,109,118,-9
2017.1,용산구,2752,1370,1382,2670,1334,1336,600,305,295,1298,627,671,1224,598,626,854,438,416,846,431,415,82,36,46
2017.1,성동구,3282,1600,1682,3448,1678,1770,861,418,443,1618,774,844,1584,766,818,803,408,395,1003,494,509,-166,-78,-88
2017.1,광진구,4415,2155,2260,4569,2217,2352,1498,709,789,1789,886,903,1685,812,873,1128,560,568,1386,696,690,-154,-62,-92
2017.1,동대문구,3466,1790,1676,3795,1906,1889,1089,543,546,1435,748,687,1567,791,776,942,499,443,1139,572,567,-329,-116,-213
2017.1,중랑구,4700,2412,2288,5097,2579,2518,1932,988,944,1714,903,811,1405,707,698,1054,521,533,1760,884,876,-397,-167,-230
2017.1,성북구,4393,2127,2266,5310,2624,2686,1656,806,850,1785,847,938,2248,1119,1129,952,474,478,1406,699,707,-917,-497,-420
2017.1,강북구,3279,1640,1639,3454,1731,1723,1127,543,584,1456,747,709,1415,728,687,696,350,346,912,460,452,-175,-91,-84
2017.1,도봉구,3522,1757,1765,3667,1832,1835,1319,624,695,1449,752,697,1166,586,580,754,381,373,1182,622,560,-145,-75,-70
2017.1,노원구,4820,2334,2486,6072,2992,3080,1948,901,1047,1704,823,881,2009,1020,989,1168,610,558,2115,1071,1044,-1252,-658,-594
2017.1,은평구,5275,2522,2753,5523,2687,2836,2226,1049,1177,1803,873,930,1340,650,690,1246,600,646,1957,988,969,-248,-165,-83
2017.1,서대문구,3247,1597,1650,3515,1742,1773,821,370,451,1484,725,759,1625,812,813,942,502,440,1069,560,509,-268,-145,-123
2017.1,마포구,3822,1853,1969,4617,2237,2380,1083,518,565,1559,748,811,2072,1005,1067,1180,587,593,1462,714,748,-795,-384,-411
2017.1,양천구,4027,2006,2021,4458,2234,2224,1269,625,644,1741,859,882,1773,895,878,1017,522,495,1416,714,702,-431,-228,-203
2017.1,강서구,6603,3231,3372,6767,3354,3413,2284,1079,1205,2304,1157,1147,1887,939,948,2015,995,1020,2596,1336,1260,-164,-123,-41
2017.1,구로구,3754,1909,1845,4457,2258,2199,1064,527,537,1370,680,690,1458,737,721,1320,702,618,1935,994,941,-703,-349,-354
2017.1,금천구,2639,1399,1240,2815,1487,1328,886,446,440,858,452,406,694,370,324,895,501,394,1235,671,564,-176,-88,-88
2017.1,영등포구,4820,2466,2354,4702,2296,2406,1234,626,608,2112,1053,1059,1868,895,973,1474,787,687,1600,775,825,118,170,-52
2017.1,동작구,4278,2124,2154,4997,2501,2496,1167,577,590,1948,935,1013,2134,1044,1090,1163,612,551,1696,880,816,-719,-377,-342
2017.1,관악구,6392,3310,3082,6986,3639,3347,2143,1076,1067,1972,1026,946,2313,1187,1126,2277,1208,1069,2530,1376,1154,-594,-329,-265
2017.1,서초구,4685,2233,2452,5242,2532,2710,1423,666,757,1959,924,1035,2186,1032,1154,1303,643,660,1633,834,799,-557,-299,-258
2017.1,강남구,6490,3182,3308,7962,3820,4142,2427,1157,1270,2307,1128,1179,3113,1473,1640,1756,897,859,2422,1190,1232,-1472,-638,-834
2017.1,송파구,9771,4645,5126,8845,4266,4579,3881,1829,2052,3784,1790,1994,2116,1006,1110,2106,1026,1080,2848,1431,1417,926,379,547
2017.1,강동구,5547,2739,2808,7849,3962,3887,2938,1465,1473,1489,718,771,2118,1062,1056,1120,556,564,2793,1435,1358,-2302,-1223,-1079
